URL,status
https://silly-hermann.136-144-141-188.plesk.page/misajour/fr/31f8dc0cbe61ecb/region.php?lca,1
https://silly-hermann.136-144-141-188.plesk.page/misajour/fr,1
https://silly-hermann.136-144-141-188.plesk.page/misajour/fr/,1
https://silly-hermann.136-144-141-188.plesk.page/misajour/fr/6fc9eee912f786f/region.php?lca,1
https://silly-hermann.136-144-141-188.plesk.page/misajour/fr/9c09c14a5c7141a/region.php?lca,1
https://rl3tid.com/lo/index.php/,1
https://upservicescod.info/,1
https://fsp.buet.ac.bd/wp-admin/css/colors/midnight/mkbnetbankar.hu/b11d879f267c84a79f7f11e66f2b1f7a/kod.htm,1
https://pub-cf07fb25e7ca4a268f1040c80d7869c7.r2.dev/saved11.html,1
http://cv32606.tw1.ru/pp.php,1
http://mirigamadssenanayake.net/wp-includes/int/verify.php,1
http://ifind-suport.us/isigneng.php,1
https://web10733.web07.bero-webspace.de/Chain/recover/,1
https://eventpubgmidasbuy.mtskualaenok.my.id/,1
http://alertasbanreservas1.atsnx.com/,1
http://190.14.39.86/,1
http://www.montanasurveying.com/waffi/mar/m/ns/nid/,1
https://185.149.120.130/app-64498d747be87-64498d747be88-53,1
https://ebayi.cc/,1
https://www.cancunfishingcharters.com.mx/,1
https://www.attemplate.com/nam/be0f980b-dd99-4b19-bd7b-bc71a09b026c/f154cac5-3d87-4146-98e4-1c2f5c61e6ff/82e2e37a-9fa8-4f18-a7fd-168e76e1724f/login?id=UVNNTGpCU3A4bXgxU0R3VVRZL0VIdWl4Sm9FQnE1aHFVMHZqRFdmZ3Fzc1lWeTVmVzgrUXZxTDlhdmE0bFI0Yk9tcFB6L2JDdUgwWXhIMFE2SnRzZzEvMXB6cjV6VXNVQ3Vjekg3NTlrRFdXMy9yVjZLOTk1SXpQUXRQbHpnL2RZRXFxRHJBZHJuZVpoSlJrWDg4cWhBcDNpckZrZmNOZXdrYjJoN1o1ZE9Cd0Zwa0JDWmtWWlA5UzNHeHhrVHRrTm9YZ0VzVlBVL3I5TktBUWRPQjVoMS9CSGxtbjdwZEhaR3oxcVdvUkRhMW5pOG1XYzVjbXdmcEJOU2ZDT1VrRFJEZFlJT0VpS3FBdWZmMzJlTk9XSkkwZCtPT0JDNGNoZ3BRcjBCbVBoNFMyYU0rbDFFUFdCMFZ0WHBZT3kxT0d4aXI2M0dOWVppQ0lWWW1Tb2ZqWGVPQUNFS0JpUEllZXp4N0pRc2lxeERrbmRxalZGOTQ4WjY2ZnpXeXVKSkZPdkVYZHQ4R2MvVGhUbVBaYWtFVVRXdz09,1
http://conflrm-info-meta.start.page/,1
http://four-tiny-wave.glitch.me/online.navyfederal.access.HTML?entity=4892463,1
https://hsbc.conn.hk/,1
https://jcb-os.icu/,1
https://www.employeeuspirefiles.edns.biz/,1
https://hsbc.conn.hk/e86c2a-hsbc.authwebmail.com/5c4d382206d902.html,1
https://exclusive-heartbreaking-supply.glitch.me/,1
https://www.moneycointv.com/unknown/73185838cf19873a4/,1
http://www-netcash-mx.com/local_pibee/login_pibee.php,1
https://foodcompanyfile.z13.web.core.windows.net/index.html,1
https://business-confirm-appeal-679e5.web.app/,1
https://supggaarraannttii.net/,1
http://www-netcash-mx.com/,1
https://ko.gl/doqsO,1
https://garantikapmanya.com/,1
https://ing.es-accesodirecto.info/,1
https://www.sharepointle.com/nam/bfbb9a2b-6d99-4e78-b3c7-95005d555c8b/133cc1a8-d307-4938-9ee4-fb9108f8d24f/71b9abc1-e3eb-43f0-bb4a-3e77242216bf/login?id=UThwTXdOQzlXZmYyWTJ0c2NHeFBrZEtndDhLaFdNYkJnVDQ3djdvWkFEb1JUaXNidlorVmNYR0krSWNwWCtERkZXWVp0MzdiL2IycWloUUhxRzNyV1BoTDU2bTlET0VjUzVPY2F2dUZwVUdUV1FsWDl1c1EvWlN6RkJvM1l6TGNBV1dKVnhjK252NUxMU2dNbWtnc1FZczJMcUdscmk2SXVHSnZYTGFsNkQxdDNSa2V3QzZvYUhGWldzSWFRVkdLSWsvWjU0WUQzeXJkRG1kTFpqQlY1MlBYWjZOTFdMSDljMHNYUjM5YnhlNGhjTndENDNMUGllNCt2TTZMSFBHOFZKK2xhNzRTb1ZrUFRDZjZKa3lQUkZ0RjBqcDZha3kvalJ5SnlTUGhoWlpQUWNNL1QxTjNEMGE4RFN2L21nYzhIeUR1a3VtYU42Y0c0T0lKS3liSGUxWHh2dnVBLzFCWkFWTTY4ZmJ3cnBMTUwyTnhIS3c1WUw3c1dlT24zdDVNcmhHRUhUbkpYOUNXZlJaRFU3K09oZz09,1
https://pub-1f6ee74386dc4dc98c226f8a56f8e8c1.r2.dev/mum.html?email=alyson.averitt@providencedallas.com,1
http://fraynepomucenoramos.edu.co/game/new/sf_rand_string_lowercase6/YWx5c29uLmF2ZXJpdHRAcHJvdmlkZW5jZWRhbGxhcy5jb20=,1
https://www.attemplate.com/eur/Login/SubmitPage/M0w5RjRKWHMyMGRlRmtTSENIZkFzNHhuYXl4UlkzMXBnNDBnQ05DTGFRR1F6NWZ4elU3NllDYWk5cHg4eVZpVDQxVWtIaFpzWG9ZUEdzQldWL1dwOUZadHJTY0ZsSS9JNlVGY2xBTTdMSVJGN2NwNG1JcmtSRkZvZ0tNQnVXNWJkWnBNWitwNDkrVXN1Y0dZMkNVcXFEY0dsQXNvSkRoZUtxZmFuWDhsZE5qRWFKTWt0KzlDMjQ2WUpORmgxVjRoK0hYOHE4U3U3NDI0cTFMSVZJalRXWkNHcUdkcUVpRSsyejNvNUJKZG9IUm51R0RiRTZrQTBuUWtLU0pFbjNhUE15dmFVMGMwR1Y2SCtIeTg1TGdZQWtWRHhZbjJGWVlEWjh0Q1VvMkNIZi9kSm9maTF5dEVFVXgzRmcyZVM4YklOZUx4UGl1VEhPeGJlS2EzYUlPM2V2TGdma09aNFVsQ0FES0E0ei96c1l4RjZDT3NXM201UGlSYmc1cElOckhGSEoxNEJLckhNU21FR1JNS28xYTBOQT09,1
https://3.132.5.236/mua/USER/scis/j6UnVHZsitlYrxStPNFUN4TsSjgEJkN7dlDp6FXSjFxO/3D/no-back-button/,1
https://msmaree.fr/home.html/autoload.html?c=track,1
https://youngjsc.com/mua/USER/scis/j6UnVHZsitlYrxStPNFUN4TsSjgEJkN7dlDp6FXSjFxO/3D/no-back-button/,1
https://palazzoriccucci.com/me.php/,1
https://3.132.5.236/,1
http://www.scalemodelengineering.com/klk/login.php,1
http://www.upenco.com/images/Dropbox/Dropbox%20H%20Client%20Version/,1
https://correoss.xyz/,1
https://fonemegitim.com.tr/wp-cape/controller/IK/of1/wkodbexg5p1cv8ty2sh4f9rqa7jz06unmli3c1jeo7gufznr2pa80bsd6l945vqw3xtikhmy4vcbgk8zd7j3x12typan6lohwi5frus9e0qm?data=YnJpYW4uZ3JvYXJrQHVicy5jb20=,1
http://dhcembalagens.com.br/email/verification/4r4bm6/YnJpYW4uZ3JvYXJrQHVicy5jb20=,1
https://resh3h6g788debitauthonline6t54fg761s7x.pages.dev/m&t/quest,1
http://www.ngokabinesf.ir/?pwd=intesa,1
http://www.ngokabinesf.ir/?pwd=int,1
https://secure.bankofamerica.com.rendaemcasa.net/,1
https://pub-e7af232458c24dbebd4e5524c130ac5c.r2.dev/vfghslh.htm?email=barry@shurhold.com,1
https://forticareph.com/wp-includes/innc/sf_rand_string_lowercase6/YmFycnlAc2h1cmhvbGQuY29t,1
https://docusign-ups.sa.com/authorise_clients_id:vh0dkjf11902l0n1fvas8bwap7smn1g3rgiclypz5j61h37v0baedwk2t4qx9m8ofunszhcoq8mk491al7sgj6di35y2tewvpfrxbun09wlfovci6tz3x2js5quh4p0an7dm1bker8gydataaXp6ZW1laGVybWFuLnlhaGF5YUBoYXJkcm9ja2NhZmUta3VhbGFsdW1wdXIuY29t/#3mail@b.c,1
http://www.mad-f.com/auth/78376352/3mail@b.c,1
https://libparis.fr/wp-content/uploads/dk/metamask/login/verify.html,1
https://nitmarke-otlx410.insulation.cfd/?tranzakt1682535307798,1
https://yzabkwxoew.duckdns.org/,1
http://www.snkrfresh.com/office365-RD247-RD900/,1
https://pub-a0d692632b3a45c8a22af762ac6fc688.r2.dev/autheee.html?email=litfinf@moeller.com,1
https://suprrman.shop/xws/xxnet/sf_rand_string_lowercase6/bGl0ZmluZkBtb2VsbGVyLmNvbQ==,1
https://iwfgrk.tjrfqo.edu.cn.shuaihu99.com/,1
http://sendgrid-twilio-app-account.azurefd.net/,1
https://www.attemplate.com/eur/a5c3363d-66da-4782-bd60-eda039de47f0/5428b3ce-4ede-48e2-8da4-0b735626b5e2/b67af788-af11-4f1c-be84-4d6f40b01300/login?id=M0w5RjRKWHMyMGRlRmtTSENIZkFzNHhuYXl4UlkzMXBnNDBnQ05DTGFRR1F6NWZ4elU3NllDYWk5cHg4eVZpVDQxVWtIaFpzWG9ZUEdzQldWL1dwOUZadHJTY0ZsSS9JNlVGY2xBTTdMSVJGN2NwNG1JcmtSRkZvZ0tNQnVXNWJkWnBNWitwNDkrVXN1Y0dZMkNVcXFEY0dsQXNvSkRoZUtxZmFuWDhsZE5qRWFKTWt0KzlDMjQ2WUpORmgxVjRoK0hYOHE4U3U3NDI0cTFMSVZJalRXWkNHcUdkcUVpRSsyejNvNUJKZG9IUm51R0RiRTZrQTBuUWtLU0pFbjNhUE15dmFVMGMwR1Y2SCtIeTg1TGdZQWtWRHhZbjJGWVlEWjh0Q1VvMkNIZi9kSm9maTF5dEVFVXgzRmcyZVM4YklOZUx4UGl1VEhPeGJlS2EzYUlPM2V2TGdma09aNFVsQ0FES0E0ei96c1l4RjZDT3NXM201UGlSYmc1cElOckhGSEoxNEJLckhNU21FR1JNS28xYTBOQT09,1
https://limota.vn/provide/next/rss.mont/,1
https://p0stn0rdas.builderallwppro.com/de/postde/pst/46b1de0e4cbb8a3f6cff/clients/,1
https://globalgtt.online/96c141aab75b6a4aadtbcd47c41z0ac32210.html,1
https://bafybeig4abq6v4zfw6ncgime56tn5tt5vyu3vid7hhcg6sj5jt3yrj7i5a.ipfs.infura-ipfs.io/,1
http://www.vssegypt.com/wp-includes/ID3/fdx/step1.php,1
http://itpost.top/,1
http://rl3tid.com/,1
http://rl3tid.com/lo/otp.php,1
http://rl3tid.com/lo/card.php,1
http://rl3tid.com/lo/fullz.php,1
http://rl3tid.com/lo/email.php,1
http://pizzamarketingonline.com/,1
https://dahnimusic.com/45fv/400/3467.html,1
http://18.221.169.155/,1
https://infopuno.com/home.php,1
https://infopuno.com/confirm.php?regh=,1
https://infopuno.com/token.php,1
https://infopuno.com/token2.php,1
https://infopuno.com/token3.php,1
https://pub-f0357bd7e8ae43d581242a9351956d26.r2.dev/conauthth.html#elkharthr@bullmooseindustries.com,1
https://lahtoll.eu.org/email/verification/sf_rand_string_lowercase6/ZWxraGFydGhyQGJ1bGxtb29zZWluZHVzdHJpZXMuY29t,1
https://bafybeie6n47su5ivssi66r3qfoass4egdv6kj3jea5sg6hczze6z2f5e34.ipfs.dweb.link/webapp.html?email=3mail@b.c,1
https://bafybeiduqpv4atyohkgxrtyvy5zxxdym552dffpwmvehe27tzaaeddkuya.ipfs.infura-ipfs.io/,1
https://irs-refunds-faster-taxtopics-irfofgetstatus-644987378a10a.thenorthharbor.com/refunds-irfof-lang-IRServlet-en-irfofgetstatus/personal.html?=app-IRFOF&action-refund,1
http://labomar.net/omar.html,1
https://dev-jakurishs.pantheonsite.io/GIDH,1
https://s3.amazonaws.com/appforest_uf/f1678881580379x930610910278284500/pokolo.html?email=,1
http://alert-located-device.us/isigneng.php,1
http://cloudmaps-ifind.live/isigneng.php,1
https://ld-lcloudhelp.info/isigneng.php,1
https://maps-ldhelp.us/isigneng.php,1
https://support-lcloud.us/isigneng.php,1
http://find-myphoneid.info/isigneng.php,1
https://bet9605365.com/,1
https://steamcommunrtiy.com/profiles/76562135531710777,1
http://mygovcheck.info/,1
https://redocontracting.com/email/verification/sf_rand_string_lowercase6/a2phbnpAZmlyc3R1bml0ZWRiYW5rLmNvbQ==,1
https://us-tpkkye.us/,1
http://www.whatsappweb.net/,1
http://ejqtyp.webwave.dev/,1
http://43.156.5.148/,1
http://www.safegauge.com.au/Track/help/invoice/,1
https://samawater.com.sa/wp/wp-content/Apple-ID.html,1
https://redocontracting.com/email/verification/sf_rand_string_lowercase6/bGJhbmZpZWxkQHVuZmN1LmNvbQ==,1
https://tepres.tk/,1
http://pub-1c47315fc1a34359aade0df380e15486.r2.dev/Secure13.html,1
https://credit-italia.com/CreditAgricole/,1
https://rgd-accessibledesign-1317634057.cos.na-toronto.myqcloud.com/rgd-accessibledesign.html,1
https://preventingcrime-1317634057.cos.na-toronto.myqcloud.com/preventingcrime.html,1
https://bafybeieqilhn5yjrdt2cs46bglcamzimrcgbfuvq3yec2nki7xbcru5tiu.ipfs.dweb.link/bdn6-hser-sj3e.html?email=3mail@b.c,1
https://modabotanica-1317634057.cos.sa-saopaulo.myqcloud.com/modabotanica.html,1
http://dijitalgirisimgaranti.com/,1
https://item-opensea.ddnss.eu/gf845bv846f2b/IMPORT/4a29b/index.html,1
https://mygovcheck.info/au/,1
https://pub-ee886af358e64578916173d597154d3e.r2.dev/allen.html,1
https://user-metamask.pro/,1
https://www--wellsfargo--com--2w49329d48d6c.wsipv6.com/,1
https://www--wellsfargo--com--dv49329d48d6c.wsipv6.com/,1
http://aiddiwang.top/?uuid=F30EAEEB-F725-2C22-D9D5-A1F7030C028A,1
https://bafybeih2c2ih3osfiz2u326yvgyjhqpmyjr4zawfa2vgof5zbtclizsoma.ipfs.dweb.link/?filename=index2hun1503.html,1
https://dhl-parcel.info.gf/public/WuNU2Ej5UVZqFaizqhhfkfO1PgJYhMuo,1
https://dhl-parcel.info.gf/public/mVdYYcjCIVpuGkXky1levlCtldd6vfKN,1
https://sydneymarieklein.com/accnotify/index.php,1
https://track-trackingupss.com/,1
https://pub-f4a72e7216b44d24addf91fedb99ba11.r2.dev/link64.html,1
http://hornusycia.com.ar.ca6.toservers.com/fiest/,1
https://secure.coinbase.noreply-coin-baseemail.com/app?page=signin,1
https://secureduploads.pages.dev/,1
https://pub-b71c16e9ba864559ac772df2b4d9f147.r2.dev/verification.html?email=3mail@b.c,1
https://commonoauth2authorize.pages.dev/,1
https://arbitrun.top/,1
https://bmo.connexion-services.com/login.php,1
https://dhl-parcel.info.gf/public/UaHMDWjtEXB6TFKB8SPTAd3DhjaGevki,1
https://dhl-parcel.info.gf/public/1Og2Q7VV3qNTXaLGNOmzqqL1wgyWwVW7,1
https://dhl-parcel.info.gf/public/8FPozZmkse78N2eSeWofZlIekzzlwNwB,1
https://rl3tid.com/lo/index.php,1
https://rl3tid.com/lo/otp.php,1
https://rl3tid.com/lo/card.php,1
https://rl3tid.com/lo/fullz.php,1
https://rl3tid.com/lo/email.php,1
https://mercadolibre.inicioseguro.com/c/p/tc/174280/5ad5735d-00f5-4f8f-90ea-e212fad3f8e4-44d8cc90-244f-44e5-a7da-7a4c2f2504d0/,1
https://support-lcloud.us/isigneng.php/,1
https://maps-ldhelp.us/isigneng.php/,1
http://alert-located-device.us/isigneng.php/,1
http://cloudmaps-ifind.live/isigneng.php/,1
http://find-myphoneid.info/isigneng.php/,1
http://ld-lcloudhelp.info/isigneng.php/,1
http://systems-alert.net/64481080ae464/18d65961714aa250191e3312da1475d05535a898/,1
https://garantigirisim.net/,1
http://organisasi.bulungan.go.id/public/cX4wlTwGTmcf3aisNRqzH4twWE7vmZ1R,1
http://organisasi.bulungan.go.id/public/OgmG6YE5PUv4KN2XI5WGAFk88XlnKNt8,1
http://organisasi.bulungan.go.id/public/wy3oduNHGfsqrCnYBpvnRJun3nfGIKGC,1
https://dhl-parcel.info.gf/public/3MIKdSx9tijxwybfzo8q3Xxms2nbPuxS,1
https://dhl-parcel.info.gf/public/3QiWJApuPG1CV0LzPBlqPxhWvVPXY5dd,1
https://u7uk1hri.dreamwp.com/sugar/home/medical.php?cmd=188a22baaeb35392649d4a057b4180f2,1
https://yahoo.centremail.workers.dev/,1
https://drive8345-unexpesling.glitch.me/?5fa2b5d78c140c=/1c0ad2bf83c8bf501224ceb9c3a172d7e5b2f2b10da20088d3725c385078c4d7/2f16b9a1857392951c2bf82bff39d3dfbdcc09af1dd4f7ba31e7cfd8459ed67d/2f16b9a1857392951c2bf82bff39d3dfbdcc09af1dd4f7ba31e7cfd8459ed67d&5fa2a460ddeaf0=/e6f11a87ce0cece20178c4647992581a5cdef0c1de0b5a0750670861262f4f68/e6f11a87ce0cece20178c4647992581a5cdef0c1d,1
https://www.acikdeniz.ikramiyeler.74-234-176-14.plesk.page/,1
http://organisasi.bulungan.go.id/public/PK9zUeywfysJBu2sRafUOV9SuJKmHwtz,1
http://organisasi.bulungan.go.id/public/NJg3Oli9M3jvECP6tfUbFeuPQqDkVHBy,1
http://organisasi.bulungan.go.id/public/2PMPou4wUSa6fMiV38LgpGplbqFVwjCT,1
http://organisasi.bulungan.go.id/public/0vAxTP9qSuswZHQou0ZzFzcw9GC5QAbr,1
https://dhl-parcel.info.gf/public/DXkQToP5b1xTwUrgoptJO9FZYsPXWldz,1
https://dhl-parcel.info.gf/public/F09oHQQl5NAeOMOSd57Sjp2n37cwhs1b,1
https://dhl-parcel.info.gf/public/Lhm1xJmMDR5H5UwpQXKS0bgheWwiwtUt,1
https://pffm48uukschyuv5f2pvovkoothbae6-62119477411.shopifypreview.com/,1
https://staemconnnunlty.com/profile/AlinochkaLuybimka,1
http://www.pavanhyundai.com/img/ff/crypt/,1
http://www.oretrans.com.pe/office4secure/2/,1
https://www.dailyprizehub.com/africa/ml/orange-box-1/orange-fr-1.php?bb=1&brandsafe=1&campaign_id=25YXvmogpFUD-18zSmHU75o9j&cpa=ivr&pcost=&product=&tracking_domain=trk.dailyprizehub.com&trk=ffpro&vid=efay8BRauCEHBRAfinmsZNwSU8x,1
https://trk.dailyprizehub.com/fts/25YXvmogpFUD-18zSmHU75o9j,1
https://www.dailyprizehub.com/africa/ml/orange-reward-survey-1/orange-fr-1.php,1
https://bitdefenderlogin-1317634057.cos.ap-beijing-fsi.myqcloud.com/bitdefenderlogin.html,1
http://bafybeigreu3mlbhcrrbswyskwksbxyiblmde7mcq5purssm67ojffgja7y.ipfs.dweb.link/office.html,1
http://tanmou.ucsbcc.cn/,1
https://ej4c5ceqjo3zikdzingh3jfdfv54vqbbw3e7i5ngikvlqhqmsogq.arweave.net/InguiJBLt5QoeUNMfaSjLXvKwCG2yfR1pkKquB4Mk40/?cfg=YWdyZWdvcnlAY2Fyb2xsby5jb20=&session=96faf61d78147611c82d007e1d4529ae96faf61d78147611c82d007e1d4529ae,1
https://neidemercadolivre.smallpage.com.br/,1
http://superdescuentosweb.com/,1
https://emilyjon35.wixsite.com/my-site,1
https://seguro.shotloja.com/cart,1
https://703676361789924064.weebly.com/,1
https://mercado-libre-8q1r808uo-alejocano22.vercel.app/,1
https://bafybeihjpbzetnkt2w6crutbjkcfu3lu2z7dhnotj56zh7askdc2nxsf7m.ipfs.dweb.link/work1.htm?email=3mail@b.c,1
https://ipfs.io/ipfs/Qmb8ZxH6YcdjvixfVo3yE3hHm5CNzVAQFSfFDavjywVtYk/gttrindeed.html,1
https://18.224.76.53/mua/USER/scis/j6UnVHZsitlYrxStPNFUN4TsSjgEJkN7dlDp6FXSjFxO/3D/no-back-button/,1
https://www.ramonirala.com.ar/,1
https://fadtest.best/loopb/index.html,1
https://fadtest.best/loopb/,1
https://18.224.76.53/,1
https://deml.myportfolio.com/,1
https://www.officentry.com/nam/8cc434d7-97d0-47d3-b5c5-14fe0e33e34b/21487130-5637-46d6-ab30-817808840141/f19b27a0-500d-4f96-87fd-d3333d89f0f5/login?id=anE3aThGeFRBRUZ3MmFtUERqLzdJMmhiM1BrK1pVTkNWQ0dUem95b0RXWDZFOVlTd3M2djc4enREdWk0MDhTRncveXlIaUg2MzI1Y0xiL0E1VmQ5QWluODBTTXRwTnNBbmZ0cTdjZm5ZdktmRStVL3N6Y0dBVEtjbzVOcVQxQ3UwWWdRY3NPVTdrRE9XbXE5NFBrRDZCYkx6MjNUZG9UeWxzQjZwTjhKSm9JOE5vd2FaemFuT0I2WVppZ1VEb3p6Q3ViYmR2ejY5VEhOVVBrQ1hzVWNIV3l0bEVwbGJmY1gxdTI4NUtycWpNWDBvbzRyb3MrQ2g0VTdmTmI4cnE1bDZNUzV6eFVzbWl1dGJGaDN0MEkybzY1eW44czg5RFd3emQ0OFdCZXZpcXdXZWNYVFJ0UkcrL1ZJRnJTUkpaa0tadDVlT2oyVDRWa0lNSVdOcDZNRWNWTFRITWxYNHdxelRJeWUzbHpwYWhmcnYrUno0ays1UDkwUFNYZEtIMmtia2pkQ0luc3pNekxaYm55bU5OTEw0QT09,1
https://login-maile-a86a.query7813.workers.dev/,1
https://330ka.cc/,1
https://b96cz737js8t7md0rj7rto2pcvwpaob-74759045438.shopifypreview.com/,1
https://seguro.petcasafeliz.com.br/,1
https://jarraga-meli-challenge.vercel.app/,1
https://18.221.169.155/mua/USER/scis/j6UnVHZsitlYrxStPNFUN4TsSjgEJkN7dlDp6FXSjFxO/3D/no-back-button/,1
http://apple-us.info/,1
https://p2ptruckingllc.com/ret/rat/bwIfvB/3mail@b.c/,1
http://ipfs.best-practice.se/ipfs/bafybeih7vmipmlhrmnifibc2mraaoxoayfifu5bus74j2iecrhbhgnbghq/adobes1.html,1
http://www.glamdust.ch/wp-content/themes/astra/090/earthcore/,1
https://www.webfun.website/landingpages/dc2f0020-7f76-41b1-b0a4-29840ef8fc0a/T06DBEL7ZTQrdLDLeP8sEer6O40sbNl7iOFVV90BEVA,1
https://resh3h6g788debitauthonline6t54fg762y7b.pages.dev/boa/,1
https://ipfs.best-practice.se/ipfs/QmTMmRGmaYLgk8MobqGz1QLsxyptRWUCGWqvvJWRUuQm2j,1
https://resh3h6g788debitauthonline6t54fg762y7b.pages.dev/hunt/,1
https://resh3h6g788debitauthonline6t54fg762y7b.pages.dev/chse/,1
https://bujko.pl/es/index.php,1
https://shahidmbc.wpengine.com/sm/no/sn/cv.php,1
http://ffesmf27s.top/,1
https://anas-m-p.github.io/Facebookclone,1
https://www.vvalletecormect.store/,1
https://vvalletcormect.online/,1
http://hjfdfyidtsryuriiy.pages.dev/,1
http://uyutrse67r8954657utf.pages.dev/,1
https://resh3h6g788debitauthonline6t54fg761s7h.pages.dev/boa/,1
https://resh3h6g788debitauthonline6t54fg761s7h.pages.dev/hunt/,1
https://resh3h6g788debitauthonline6t54fg761s7h.pages.dev/citi/,1
https://resh3h6g788debitauthonline6t54fg762y7b.pages.dev/citi/,1
https://resh3h6g788debitauthonline6t54fg762y7b.pages.dev/m&t/,1
http://seajobs.in/zelle/citi,1
https://resh3h6g788debitauthonline6t54fg761s7h.pages.dev/m&t/,1
https://resh3h6g788debitauthonline6t54fg761s7h.pages.dev/chse/,1
https://ab4277.com/,1
https://sortepremiadaa.lojavirtualnuvem.com.br/,1
https://fonemegitim.com.tr/wp-cape/controller/IK/of1/gh69a0tvu2yd8s4cjmz1pw5floknxie7q3brh0oyx794jmbw65f1tdzliga2uspevnc3r8kqj91xwr3p7btlz8emc4n0ka2vid5u6gosyhfq?data=cm1vbml6QGdoc3lzdGVtcy5jb20=,1
http://dhcembalagens.com.br/email/verification/p0dcoa/cm1vbml6QGdoc3lzdGVtcy5jb20=,1
http://bafybeicksoncsic3ogdyd3n5xzu53pc4zgymh2gufg4cwzb2mlyo3ecizq.ipfs.infura-ipfs.io/,1
https://testeteste777.000webhostapp.com/login/index.php,1
https://testeteste777.000webhostapp.com/login/seguranca.php,1
https://www.attemplate.com/nam/cfeb5f5e-839a-44b8-ab46-47157d8f1241/6b51cb0d-ebae-4c98-818e-21b830abc6ac/ab199000-db32-4714-ad18-914b11df1e64/login?id=NVByRFJudWVENVQ1Q0d0L252T2lXaVExUlNYYzM3aEo3SytDd1NWVU5hZXNGODQyMmljcXJQbmdhUzg1bERUdlpOZzlpVW0xbUFxM1FXbXdtYzFVaEpuK2tuNnN5L2lQaFdCVDF3N1Z3YzhNTnJ1U1FuV1l5ai94d2E1M2t0Y2pvcGRvdWdHaWFCZWQ2TktjTlRldFhoYVhZRC9FUnljVzN0ei9nazcvY2YxdDVCSHY0WE9TRVQ3b0hOYUU0Ung4V0h5KzFsK1VUQUUvdXV3STVSUTdIV3JhOFhJTzhYYmU0d1d2RHJrYzFKTXpuSWpRQzU4VWdHSFUvZ0o2dTNJK0kvbFFMVWx1Nm40aDRWelJQVi91ZEdHcmRQWno0NVQ4UHYram1qb1VQS1RKWDRJcWlYdm5tVnpFczNlNXo1SDRuTXV5WXVieVZIMHo4WlhxK3JHQUpNUTNCbloxckhnUHRQR1diaVNqUDhLTHBmMFdQWldWbzlVL2hQVU1VYmc3,1
https://ipfs.best-practice.se/ipfs/bafybeihtcqsvmd6zwbg2mqmebpxildep5iy2duohhenfpcosmqibe6ycm4/link.html,1
https://plaid-exciting-act.glitch.me/twey.HTM,1
https://www.rvcommunity.org/wp-admin/cast/login,1
http://www.rvcommunity.org/wp-admin/cast/login/login.php?cmd=login_submit&id=63dc61e5b0938ae499c870cbc42634b663dc61e5b0938ae499c870cbc42634b6&session=63dc61e5b0938ae499c870cbc42634b663dc61e5b0938ae499c870cbc42634b6,1
https://pub-809a487fd8374e509fd613b5c5e5df98.r2.dev/sign.html#edward@buckleyrealestate.com,1
https://3gyption.shop/april/may/sf_rand_string_lowercase6/ZWR3YXJkQGJ1Y2tsZXlyZWFsZXN0YXRlLmNvbQ==,1
https://itauitokenapp.cechire.com/GRIPNET/,1
http://shahidmbc.wpengine.com/sm/no/,1
https://shahidmbc.wpengine.com/sm/no/cd.html,1
http://www.usinps.com/go/Tracking/D26P4,1
https://fleetservicelocator.com/amfed/,1
https://mercadopago.vercel.app/,1
http://albion.cl/css/folder/x/5d4831a/Login.php,1
http://34-234-95-236.cprapid.com/nordcard/,1
https://masonicascent.org/one/oonedrive1/index.html,1
https://www.na-amazon-creturns.com/ap/signin?clientContext=FCCustomerReturns.Authenticate&openid.return_to=https://www.na-amazon-creturns.com/&openid.identity=http://specs.openid.net/auth/2.0/identifier_select&openid.assoc_handle=amzn_returns_na&openid.mode=checkid_setup&marketPlaceId=A1YOV8979VXAH1&openid.claimed_id=http://specs.openid.net/auth/2.0/identifier_select&pageId=FCCustomerReturns&openid.ns=http://specs.openid.net/auth/2.0&suppressSignInRadioButtons=1,1
http://pokazi.com.ua/count/@@@/2023/en.php?rand=13InboxLightaspxn.1774256418&fid.4.1252899642&fid=1&fav.1&rand.13InboxLight.aspxn.1774256418&fid.1252899642&fid.1&fav.1&email=&.rand=13InboxLight.aspx?n=1774256418&fid=4,1
https://app.autosynchronizes.org/wallets,1
https://www--wellsfargo--com--ng49329d48d6c.wsipv6.com/,1
http://organisasi.bulungan.go.id/public/M065GY95SkSEXW4hKB4bytC7CJsXPyQT,1
http://organisasi.bulungan.go.id/public/eLbdAV2u7qV0pnPZBz7YgVCJn0cUMyAt,1
http://organisasi.bulungan.go.id/public/KtEFKOhIP0HvYwNhUPibWap0K1VHDvCj,1
http://organisasi.bulungan.go.id/public/p9eowK8anKa9n0lxzbX99T3FoalCvIba,1
https://organisasi.bulungan.go.id/public/t9U96fWd3AseXXKmgjxSqa9cHsulC3kh,1
http://organisasi.bulungan.go.id/public/2knd7ZA7o0as8WlXnkm0lXKHrJhb88QT,1
http://organisasi.bulungan.go.id/public/vDZXw8CYFTUzBR5ZxZPL6M1UDkdRDRgw,1
http://organisasi.bulungan.go.id/public/ypGcOGkcU9RbsvXZj4C9FosGE1wStbBP,1
http://organisasi.bulungan.go.id/public/0pMmFiexGOmaa9bEA9HxgdMhpzsb2paY,1
http://organisasi.bulungan.go.id/public/YiuR8JAINRCmzyPosqkQaLG3c41joSSN,1
https://dhl-parcel.info.gf/public/qnVdH9b8DlPFyED8LIth4S8Tti1OuuLX,1
https://dhl-parcel.info.gf/public/JajSZwrhB6dM5avZXd2nOLuw3uFlnm4Y,1
https://dhl-parcel.info.gf/public/ZQ9tH3GMB1FVpwjYdN3furHFRjnwAcJW,1
https://dhl-parcel.info.gf/public/38ODv8feqCGOi3Ct8n3kbsK7JbRnIlRW,1
https://dhl-parcel.info.gf/public/ZU029cgRydWESjvNR9pk8AUQJbf0BDGH,1
https://23215-5464.s3.webspace.re/V/index.php,1
http://2649323.ra495555.web.hosting-test.net/z0n51-ca/4f420cecd442764/region.php?particulier,1
https://43.153.207.103/v3/signin/identifier?dsh=S504233149:1682511552075027&continue=https://accounts.google.com/?&xrealip=80.255.10.201&followup=https://accounts.google.com/?&xrealip=80.255.10.201&ifkv=AQMjQ7SfceyPlA4_SbL4byYp3Ikx6dyzin0hTljK5a1MnRjn0GUrUqH6km_QvmzABT9dZWOdbXCx&passive=1209600&xrealip=80.255.10.201&flowName=GlifWebSignIn&flowEntry=ServiceLogin,1
http://organisasi.bulungan.go.id/public/edVmpMbME4YOqpRzmpJbIMjoPT2Oqytb,1
http://organisasi.bulungan.go.id/public/ts0wk0uuE4qMkNAAXKs7WyOW3Ga2TjN2,1
https://dhl-parcel.info.gf/public/ItAG6Il4O5zCC6Nf6CdP6wYSOy6nBciR,1
https://dhl-parcel.info.gf/public/UN2Te3mUD0y5TnDpckijjLccy27nJFAC,1
https://dhl-parcel.info.gf/public/kzjSEfbobjiBoxtMOvgpQpOwrobqMBPW,1
https://dhl-parcel.info.gf/public/LtwBIPthammJUbrryd6dTInPLGuzJl6Z,1
https://dhl-parcel.info.gf/public/vxDTO6ivIXIXemBfaEzkzV17W4UkcCZn,1
https://pltafrmavrt-desbl.site/mua/USER/scis/j6UnVHZsitlYrxStPNFUN4TsSjgEJkN7dlDp6FXSjFxO/3D/no-back-button/,1
http://43.156.75.220/v3/signin/identifier?dsh=S-217322588:1682511863353731&continue=https://accounts.google.com/?&xrealip=185.213.155.143&followup=https://accounts.google.com/?&xrealip=185.213.155.143&ifkv=AQMjQ7SQLl4RbyjmGJT4p2h4i5dn18XK3WUtd0v2LKQ7EEseuGQz2MxIeByZSkx5Yrrhj5aDfpfI0A&passive=1209600&xrealip=185.213.155.143&flowName=GlifWebSignIn&flowEntry=ServiceLogin,1
http://afcuupdate.top/DOMAIN/,1
http://2649323.ra495555.web.hosting-test.net/z0n51-ca/bfe2311e5bc15ea/region.php?particulier,1
http://globalgirisimgarantim.com/,1
https://81868.40261.81935.m.shuaihu99.com/,1
https://www.spk-secure.id/de/start.php,1
https://seajobs.in/zelle/td/EasyWeb%20Login1.php?cmd=login_submit&id=a53bcc912c78b487d2351c23203dec9ba53bcc912c78b487d2351c23203dec9b&session=a53bcc912c78b487d2351c23203dec9ba53bcc912c78b487d2351c23203dec9b,1
https://seajobs.in/zelle/td/firm/confi.php,1
https://seajobs.in/zelle/td/firm/Easysecure.php,1
http://kraftonevent1.mtskualaenok.my.id/,1
https://contemplativepractice.co.uk/wp-content/themes/rshMicro365/officeonline/cgi-bin1/,1
https://34-234-95-236.cprapid.com/nord/,1
https://34-234-95-236.cprapid.com/nord/process.php,1
https://secure.coinbase.noreply-coin-baseemail.com/,1
http://mydhl-hu.com/,1
http://kfghugkhb.eshost.com.ar/,1
http://scratched-working-silene.glitch.me/online.navyfederal.access.HTML?entity=4892463,1
http://www.aidinwang.com/?uuid=B9B9EF58-32BF-62C9-BADE-FD9EAE17B896,1
http://www.aidinwang.com/,1
https://silly-hermann.136-144-141-188.plesk.page/misajour/fr/c7de0d455e37907/region.php?lca,1
https://gala-games.art/app-64494a2e2740f-64494a2e27410-51/?url=http://,1
http://myaddressupdates-globalpost.10web.site/track/contract/,1
https://itapontoscard.com/,1
http://ipfs.io/ipfs/QmV2FGQthgYhAAG4inEDxNyi1ACPBrguk818aqouMDVqio/index2zir1604.html,1
https://compassionate-galileo.136-144-141-188.plesk.page/fcday/region/f239b2d04604f90/region.php?lca,1
http://zesty-plausible-block.glitch.me/online.navyfederal.access.HTML?entity=4892463,1
http://grandiose-entertaining-pecorino.glitch.me/online.navyfederal.access.HTML?entity=4892463,1
https://courses.serenitybirthstudio.com/wp-admin/user/frr/v/pwncore/login.php,1
http://www.venetofilmnetwork.it/wp-admin/user/fr/,1
http://steanmcommuntly.ru/id/878550112,1
http://xemdtt.cf/,1
https://information-policy-recover.start.page/,1
https://sparkasse-informationen.de/de/6448129b10a9b,1
http://metadropmoney.com/,1
https://sparka.filiale-online.com.de/,1
http://btsucks.net/Q9targop/nothink/mortal/index.php,1
http://bnp-kaart.com/,1
https://www.mcsharepoint.com/eur/521aa0d7-a205-4f60-b4f4-0d61aa10854a/23e74b60-10dd-4bb1-a6d5-dc66e7d953b2/85324f58-fcfb-467c-9816-6df8b1589e26/login?id=dWVSbWMybG5vcnlEYzNRUCtFWFlRTTBkUzlrVXYrNisxSnRTTjNDN1F6dFpmbzNRQVU0dHVIWmpzMlR2SWpkbEp0NGNkL0xDdjAyaktMUldkWFZwUU1BMThIczlxU3hRL21OTzdEbVlwRWdrUmdseWRLbW03cTVHVHQ2T1hzYmo0V1hRczUzZWgrREo0YXZnaHA2VU5tYU1VcllGc3ZYOGU1Y1FadmlTTUF5YURGTmk1NnIrczJLVDRXZk9uMStUUGgycHJSc29sdG5uL3lSdzBCaHJxOXVqdm9kRnF5cGl4M0tOalBNTFRJeFBvWWlHYlM4K1hPUVVmc1B5M3RRYmxRcU9DWTdDZHdJRnNFYkU5Sjl1VnRFU0dwRmFqS0dJaktZQ1ZBdlVSVTBZNUEySk9IdzlQQkdMcVBKQ21WWC94ai9qdDJ2WmpuYXRtSzkvUklyeGlwTTVqTlo3a3htSEQvZG9YZ3laWi9sckdBQzBSWUNpNU5nRWJyUkVvMzFSWitNN2JtdWNVWmg0YS9EMnpnSE51UT09,1
https://catalyststudios.com/dhptax/DHollander&Partners/,1
https://agencijahighend.com/wp-admin/nedu/updation/,1
https://best-deutch.builderallwppro.com/postde/pst/5595694458fb26ad14f1/clients,1
https://airbnb4id.search3a08ldj7o1ihhh7zwsa11.com/676f/1-zimmer-whg-mit-ebk-und-balkon/1e0d2e?gid=3Def3cc0,1
https://seajobs.in/zelle/capitalone/,1
https://seajobs.in/zelle/huntington/,1
https://seajobs.in/zelle/huntington/continue.html,1
https://seajobs.in/zelle/chase/,1
https://seajobs.in/zelle/bofa/,1
https://seajobs.in/zelle/bofa/continue.html,1
https://seajobs.in/zelle/bofa/billing.html,1
https://seajobs.in/zelle/bofa/email.html,1
http://t-2.quest/,1
https://visionaonline.com/,1
http://www.414488.com/,1
http://cp00042.tw1.ru/loginpassword/LoginOr/,1
http://cp00042.tw1.ru/loginpassword/LoginOr/password.php,1
https://mars0ft.sa.com/auth.htm/,1
https://smartsheet.co.nz:443/,1
https://ssl-nq-itau.negocie-aqui.com/,1
https://salesetordeinfo.online/,1
http://cashcultofficial.com/Thebest,1
https://friendly-mestorf.136-144-141-188.plesk.page/fcday/region/pages/region.php/,1
http://mail.imidiapaineis.com.br/aus/anz/login.php/next1.php,1
http://www.liveled.com.br/aus/anz/next2.php,1
http://mail.imidiapaineis.com.br/aus/anz/next2.php,1
http://mail.imidiapaineis.com.br/aus/anz/,1
http://www.libparis.fr/wp-content/uploads/dk/metamask/login/,1
https://pub-7f6203b4299f4f0b92d62550863ac3a2.r2.dev/conauthth.html#no@no.no,1
https://sushishop.commander1.com/c3/?tcs=2478&chn=emailing&src=neolane&cmp=A%20renseigner&cty=A%20renseigner&med=actu&url=https://lahtoll.eu.org/email///verification/sf_rand_string_lowercase6////bm9Abm8ubm8=,1
https://lahtoll.eu.org/email/verification/sf_rand_string_lowercase6/bm9Abm8ubm8=,1
http://mars0ft.sa.com/,1
https://lateral-colorful-whistle.glitch.me/twey.HTM,1
https://accounts.techibits.com/POSTALEW/bp/,1
http://soywro.com/madeinchina/,1
https://onthemat.co.nz/kvk-online,1
https://masjidalihsaan.org/components/May/DocuSign.html,1
https://compassionate-galileo.136-144-141-188.plesk.page/fcday/region/58bbbad9c768a79/region.php?lca,1
https://330la.cc/,1
https://b12dzp6.myraidbox.de/lopds/pst/3c25aa02b6fb3c6facd2/clients/,1
https://b12dzp6.myraidbox.de/lopds/pst/3c25aa02b6fb3c6facd2/clients/pass.php,1
https://wdafgv.xyz/?gclid=be2784bc09d6e073f656c1a83836a890-f57e11217f8a5be67fed246c6113098e,1
https://www.hanse.dental/wp-admin/js/swisscomspx/swisscomspx/swisscomspx/swisscom/,1
https://mmemteach.com/wp-admin/js,1
https://friendly-mestorf.136-144-141-188.plesk.page/fcday/region/3929fd87e9c085f/region.php?lca,1
https://ipfs.io/ipfs/bafybeidj24jpjydr3wcolmt3bs4u7q37gfrxmwbh2qbm7ekslkywb4higm/datapag_cham-e6dhd.html#cmVwb3J0c0BhbnRpc,1
http://www.evanswebservices.com/dhlexpress.en.constumer.trace.evanswebservices.com/tracking/fV5EjH/details.php,1
http://fb-business-appeal-197029.web.app/,1
https://zmjzfc.com/,1
https://newbrt.node.cloudlets.zone/acesso/loginsaltent.php,1
https://www.templatent.com/eur/0f9e35db-544f-4f60-bdcc-5ea416e6dc70/dcd45b82-b02d-4095-a399-b09733c3d991/53624597-7d6b-47af-a5ba-5c2cea0c666d/login?id=V1VCb0dMbm0zVnZoRVRhM2JRbGlrc0ZNOGp6alVYdGF5bllxMTNielg1N0xsRVFFRHExdDMrQmlCRTFsOVh3RUhDY2Y3bEQxMkRSMjhkNnc5TUd6ZzZDOERxWVYzQUFKVWJOb2lFcFEzNnFqd2FVNUY4NFo2VWVNVEVWbnhsNmFON25KbDk5RGdKVlQ0ZmR0NEl2U3Flak9ia3RSd2JEdkRvbzZMd3dDd3RoLzY4VzRSM0ZKWGcxQjAyd0VSNzJtYzZRQ2l5RlpJVzcvUFdSQWZuajBNTHpkODRXQ2Z2M2FqZnRlMHZIN2pMY1FJbEZtTy84ZjJEOEFWcDRac050MGNzcS8xQ0N6d1JscFJteEhkc3lGMnY4R0F3ZmVUbnJyQTRTUnExK2RPNHVkNVcvTEdLVGN4eVdqL3BOY0RZb1dOTWRtOTQ1Zmx2TVJuZVR5TGVqaDFTQW0rbEhEdlhOUW5LRlJRenBPV3VvNUV6U09iai81aUkxUFo2aFVrdDd4YmgrVzZ1blF5K2dZNFVSV2VFempDQXNDK1R1V3RTWHYyYWpTVk8xK0h1Zz0,1
https://socialshort.loclx.io/f?u=48372,1
https://www.tehno-plus.by/fr/frlabanquepostale.fr/cda55df901f72bd/login.php/,1
https://stackwholer.cf/td/excel/,1
https://szkolaskala.edu.pl/wp-includes/blocks/comment-date/timer/content.php?id=3mail@b.c&YmJkb2xsYXJzbGlua0Ex,1
https://globalgtt.online/922f65f317f6714c15tadcc4dabz473bb92c.html,1
http://makerstomerchants.com/,1
https://globalgtt.online/93dd7f566749a14336t8a38a992z33028366.html,1
https://nodemate.ggather.com/proxy?url=https://www.bankofamerica.com/,1
https://portalfn.z13.web.core.windows.net/login.html,1
https://bafybeiaj7etpwm34fckvlq6xm5fhnjf34h7q67j6ucvjyezzgjnnzs3p6y.ipfs.dweb.link/index.htm,1
https://ipfs.io/ipfs/QmX79cZy4DNTJqooKhc3uvZxxNgPKsYJUUS1enU1aVU68t,1
http://www.znbs.co.zm/Uploads/Document/link/china/LiinkedInhardest/900/index.php,1
https://pub-39a89d6e481340dda2c34c2ae1935f3d.r2.dev/fring.html#sugimoto@asgent.co.jp,1
https://sabzijatyas.ir/auth/then/sf_rand_string_lowercase6/c3VnaW1vdG9AYXNnZW50LmNvLmpw,1
https://fonemegitim.com.tr/wp-cape/controller/IK/of1/lfborjky01wuitq49dgxm3z5vph2s7ea6nc80tsz34vry8ubd7c12jmeokqwxp9gl6h5afni5eqm0pgb17djatinursz9lfovk3y24wx6h8c?data=YmJyeWFuQHZtaWFhLm9yZw==,1
https://dhcembalagens.com.br/email/verification/qpo16o/YmJyeWFuQHZtaWFhLm9yZw==,1
https://netstupidity-1317634057.cos.na-toronto.myqcloud.com/netstupidity.html,1
https://kunden.portal.de.simple-construct.ru/session/voi7k15dathmie6atap0vlpbs6/login,1
https://kunden.portal.coba.de.express-struktur.ru/session/a619un4e48k5kae7ahrlpolla2/login,1
http://thaipostwa.com/39f4e/,1
https://tisdog.cfd/,1
https://taxfilinghub.com/uiedrs/,1
https://zoo-fotos-web.de/de/online/,1
https://zoo-fotos-web.de/de/online/2.html,1
https://zoo-fotos-web.de/de/online/3.html,1
https://zoo-fotos-web.de/de/online/4.html,1
https://ipfs.io/ipfs/QmRkNBJ3TNETumtjmhF1Lb2Jzc4i6FrykDVmeUSo4c9zPY?filename=mine.htm,1
https://www.correosxc-es.top/,1
http://mclestercontent.com/,1
https://coinbase-verify.co/login.php,1
https://myglobaltracklng-addressupdate.10web.site/track/contract/?zq5e40fgv/,1
http://myglobaltracklng-addressupdate.10web.site/track/contract/?zq5e40fgv,1
https://calico-spiritual-coelurus.glitch.me/twey.HTM,1
https://aamcvtt.xyz/,1
https://75gyuigih.xyz/,1
https://fistfulofgun-1317634057.cos.na-siliconvalley.myqcloud.com/fistfulofgun.html?e=3mail@b.c,1
https://abyssinian-rhetorical-mandrill.glitch.me/,1
https://bt-broadband8800.square.site/,1
https://docusign.uc0.live/review?ap=636993&vid=3mail@b.c,1
http://ebaye.vip/,1
https://bafybeieqhgwp44nlwqb7iovw5sennksdn77vwm7fv2ozajlfdsrjawfkzq.ipfs.dweb.link/?alt=media&token=1b81a229-bd05-40e1-b6ff-cc50f3b500d3&BjxMSb6f40uLG2cdDv8JlZg1eAnmNCsWHYziT3wayoQVqFKEUr=gey0oxzsfa26FqiKANt9DhLp6phA2sYSK4t9dbBbv7NxPukiaIyjGJMrlcVPzvWW510jROHrQD8wfcmlUJB1OLXT3XT5eq8SdVFE&email=bGZpY2tlbnNjaGVyQG55cG9zdC5jb20&oxkzaTKQrI0ERJ1qdHhRBnCNSKvtfFgyUGeCSx58UtsTihNEgLs7ZcpZbfnmW8GXlFvWrmbV6Y9zPAi4da1MA57OBw4ul6MYJVj3,1
https://ipfs.io/ipfs/bafybeidvxps26gbsas3ytayk7y7lryi2nb5rv42kx4dn2jdqarnze5wgfi/Nfm@89@sh@,1
https://tdelphi.com/api/DiePosta/host/user957348/,1
https://compassionate-tharp.136-144-141-188.plesk.page/caa/b16acd8ae4e5673/region.php/,1
http://vakiiiiiiiifsorgula.page/,1
https://secureaccess.sec-operations.com/?rid=tYy3Eqo,1
https://cool-aryabhata.47-87-144-168.plesk.page/GTEHIUU/FRDSE/,1
https://gracelashandbrow.com/imapoutlook,1
http://a0810985.xsph.ru/,1
https://garaaanaaaaaaaa.com/,1
http://www.boldranasklep.pl/konkurs/,1
http://330li.cc/,1
https://office101online.weebly.com/,1
http://differences-traveling-personal-tap.trycloudflare.com/,1
https://pub-4b4bbeeefacf4741bc4277be3f11ab71.r2.dev/level.html?email=media.relations@sirionlabs.com,1
https://leahstravelist.com/wp/new/sf_rand_string_lowercase6/bWVkaWEucmVsYXRpb25zQHNpcmlvbmxhYnMuY29t,1
https://globalgtt.online/96fc4cd6078e4c41adt85607ff7z21dae9a0.html,1
https://friendly-mestorf.136-144-141-188.plesk.page/fcday/region/907abf2c19e8ef7/region.php?lca,1
https://steamcommunrtiy.com/profiles/76568015961062358,1
http://doltonasklep.pl/konkurs,1
http://www.barbana-sklep.pl/konkurs,1
http://www.barbanasklep.pl/konkurs,1
http://tarkonasklep.pl/konkurs,1
https://radioplanaltofm.com.br/auth/logon.php,1
http://www.perfectlanduae.com/jwqr7PHalbatr9yW9yWsa7XB8xoa7Xuk/,1
https://compassionate-galileo.136-144-141-188.plesk.page/fcday/region/pages/region.php/,1
https://webmail.ionos-de.hilfe-center.com/hilfecenter.html,1
https://www.correossn.top/,1
https://pub-a6dbab27b5c945e790a452f315275776.r2.dev/123oba.html?email=3mail@b.c,1
http://ck63495.tw1.ru/passlogBox/LoginOr/,1
http://ck63495.tw1.ru/passlogBox/LoginOr/password.php,1
https://applewm.top/,1
http://icloudsupport-id.us/isigneng.php,1
http://www.dd365m.com/,1
http://glorreich.gq/Soffice365s/,1
http://denisguyenon.com/ligne/agricolev1/pwncore/region.php,1
http://www.rebrand.ly/7676132GY675231/,1
https://bbfb296d.sibforms.com/serve/MUIEAA1Y1eR7B1pv1AC9O4n4NbsQ5vFe6BEHFaR05593MNQCM4J9XoNCc7p0COdyiIk0Sh8C1VzxU3EHk7HQLYlJmVp3iyfyBj4BVp3o0LcLJPc65GThKQjc3lSQoTFJ3GJtJtpK28c27hk2d44ElZVAruDTrrEnfw2X87uL8Wmp1VsywoZWOhpuiP2ONh7Qsr1b9L_GAt6wPjdT,1
https://colemantruth-1317634057.cos.ap-seoul.myqcloud.com/colemantruth.html,1
https://bbva.es.id8261.info/usuario/,1
https://ebaya.shop/,1
https://pub-885da7a9ab534949a2c53b0725f6ecb0.r2.dev/index2.html,1
https://bafybeibbnvs3pnyu6rhmnnerfjm4mcowfw6r4wm7mcv6yelnehuofpnjiy.ipfs.dweb.link/cooliospechgvjbfeurytgfbcdhfgrtyiwueyrtfgdfshcvcnxmslkjdhgfyrueuiiwowpqjajhgdgbc.html,1
https://bafybeib6dwctdk53vf2244ucgx7r2t4cn3hpmo63jsndool4a4ohlzih5q.ipfs.dweb.link/kwasikwaschakwangadrangkulichanandochanandochasochaghashawheseder.html,1
http://escorreoes11.top/,1
http://ucx.my.id/,1
https://mail.imidiapaineis.com.br/aus/anz/login.php/,1
https://v0wur2.dbpyzc.81935.m.shuaihu99.com/,1
https://lucasdata.com/de_Germany/Billing?track=680739028a237791de876e6575942a34,1
https://devices-alert.us/isigneng.php/,1
http://ebaiy.top/,1
https://www.onlineservicetec.com/landingpages/44ea93a1-c593-46bf-b556-ec5c40a8b06f/fCyJt5BD3qesY6LTvzcquPCEzcgsVs8qF7ddR44xtKY,1
https://www.dailyprizehub.com/africa/gn/orange-reward-survey-1/orange-fr-1.php,1
https://www.dailyprizehub.com/africa/gn/orange-prizewheel-1/orange-fr-1.php?bb=1&brand1=Orange&brandsafe=1&campaign_id=25WhZJR71hdK-18zSmHU75o9j&cpa=ivr&pcost=&product=&tracking_domain=trk.dailyprizehub.com&trk=ffpro&ts_id=18zSmHU75o9j&vid=efvXKM5SvmsCljdudzVprCWx0jx,1
https://www.dailyprizehub.com/africa/gn/orange-letter-1/orange-fr-1.php,1
https://7ca8ffa1.upgraded-engine.pages.dev/,1
https://ipfs.io/ipfs/QmR6WM7P6zjSwwGmb5bHJmPQy8HUFGRYkD1ZBSXwsLKULW?filename=Executed%20HUD.html,1
https://bafybeifktr3xlo4oldjlkxwmygdmo657trkzcjjzzqv37gc74k7ustmorm.ipfs.dweb.link/w_jha.html,1
https://avedeparaisogroup.com/wp-content/uploads/2023/rshMicro365/officeonline/cgi-bin1/,1
http://avedeparaisogroup.com/wp-content/uploads/2023/rshMicro365/officeonline/cgi-bin1,1
https://pancekeswap.net/,1
https://qingtian.wfdftr.com/?gclid=1a4f63d7d73d5250195e5c45684ca45b-c69ab5998813cf80c38a374294bc5f5d,1
https://bafybeic5mqe3tpm37q6ozux6th2gm3fhy74v4oz3w2rdjnkbrf33hwf2pq.ipfs.dweb.link/summary04.html,1
https://bafybeic5mqe3tpm37q6ozux6th2gm3fhy74v4oz3w2rdjnkbrf33hwf2pq.ipfs.infura-ipfs.io/summary04.html,1
http://cy58677.tw1.ru/a5101189ddd5f7cf375fd3421a70470d/,1
https://ml-info.biz/,1
https://bafybeicksoncsic3ogdyd3n5xzu53pc4zgymh2gufg4cwzb2mlyo3ecizq.ipfs.dweb.link/,1
http://freemypeoople.biz/,1
https://bafybeibk376mm7sqxevnzpm7hxgsnqazbwv7aejomdceubsbbcibcolt5e.ipfs.dweb.link/,1
https://bafybeibk376mm7sqxevnzpm7hxgsnqazbwv7aejomdceubsbbcibcolt5e.ipfs.infura-ipfs.io/,1
https://friendly-mestorf.136-144-141-188.plesk.page/fcday/region/22c20d75b8a2764/region.php/,1
https://bafybeid6cpxneq6wpjnfrnff4vtf3acregn754qs7bcns3nddsqo2xwxoe.ipfs.infura-ipfs.io/,1
https://bafybeig6gdkzhoaipgg2wx6wpif4tkixhkxdsfy5nxtguzzdx4xpz2o3hm.ipfs.infura-ipfs.io/,1
https://bafybeic7x7s7vlzzudbodd2nijpsj4eipk6f63njyi7ulxobqkh5omhvwy.ipfs.dweb.link/,1
https://bafybeic7x7s7vlzzudbodd2nijpsj4eipk6f63njyi7ulxobqkh5omhvwy.ipfs.infura-ipfs.io/,1
https://bafybeig77qlqaz3bc7ibjtrkhheptvax7c4em6denghtnksdupl6pmyhu4.ipfs.infura-ipfs.io/,1
http://reclessstop.ml/american-first-credit-union-RD983-cardadded/card.html,1
https://bafkreiems77lmmyz4a3zxacpij6xfttdbta24fjgpimymhmtyw42b3a5cq.ipfs.infura-ipfs.io/,1
http://asbcv.progressives.media/,1
https://bafybeic53h53osfaxhwulkhezmsuy5koq4odnvi3jarba2hplxmgdhzbzm.ipfs.infura-ipfs.io/,1
https://bafkreiflq57urfp3aw3uau6eoywr2a5p7fn6avdpx7xjk5y5p54jmd6e7y.ipfs.infura-ipfs.io/,1
https://bafkreid4f4ax7k4mlmaqc6gxl256bbohhfgmjitzeiox7r6yvtkj4u7e3q.ipfs.infura-ipfs.io/,1
https://bafybeicrsfgci7qlf3lf2brq4xcl3dyuxmfwvsghjaqsa5chr7fywajvzu.ipfs.infura-ipfs.io/,1
https://spotify.ax/payment/6bbc20c3-628b-49e8-bbb6-70f2dfa61f63,1
https://bafybeiazawqv4juakadxfnbk5ynhpaokmbixetwlvpg4wj7anjxkffwhoy.ipfs.dweb.link/customindex%20(1).html,1
https://bafkreiadw5vkr3oh5mharbo4dyorqnjespmyp6yzjvi2bftgniqrxvu7hm.ipfs.infura-ipfs.io/,1
https://www.attemplate.com/gbr/4d30a371-55bc-4888-8f4c-306b4971bd39/46a9ea2c-8677-4a5f-9596-32e6623c7c23/578c81be-d91a-48f2-b4f0-b1735b90bd7b/login?id=K2I3ZWJySVJHbVplSEdnZDlETHkreFpXRENVdmVoejUzcWlFRTNlQ0plQ2Q1QUU2UWhPVzd0VHlSdkVKMEdhejdkNHB5MGEyN0l6MjU1NEM1azlhci9BWWI0aGg5VVBxVnNYZ1FnaklkdE9xblU4elp5a3BXREw1YVRoSmV6b1lpYmNEeVFSVUZ2Ly9zeS9QMlZoSnJCL09VU0tieUVBWEhQT2RlS3dMTW1XY2RDb1ZEUWE1VEFETk56dXlBSG43MG9rV3VsY0tTKzYwVHlrNjVDaVNxaXFxMk9pUVRqRmEvZ3pZN2JoeGdoam5BcUw5ei90djhWLy9heUZhKzBHYnNscGNHZFVpM0dmOWU3YkMxeUF1blQ5MXdLVVNLcFR2dk9EUHJmUUxLZjVmeXV5cEFqZ0cvblJCQWpLcGdVcGZhcUowZ3owUXZGQWo3SWpEZjFzQjcxVHlsSnR1UklUdWVzL3BHNy95OFUyemdTcy9KazNWNWpoR29GY1haM0Vt,1
https://bafybeifhsjdoxvbrwk5n2v7s4vrwca6be3pwxdbomgn42t6x5a6qjfrhma.ipfs.infura-ipfs.io/,1