1,google.com
2,youtube.com
3,baidu.com
4,bilibili.com
5,facebook.com
6,qq.com
7,twitter.com
8,zhihu.com
9,wikipedia.org
10,amazon.com
11,instagram.com
12,linkedin.com
13,reddit.com
14,whatsapp.com
15,openai.com
16,yahoo.com
17,bing.com
18,taobao.com
19,163.com
20,yandex.ru
21,xvideos.com
22,live.com
23,pornhub.com
24,microsoft.com
25,vk.com
26,zoom.us
27,github.com
28,jd.com
29,weibo.com
30,google.com.hk
31,tiktok.com
32,canva.com
33,csdn.net
34,fandom.com
35,office.com
36,t.co
37,naver.com
38,apple.com
39,sina.com.cn
40,aliexpress.com
41,microsoftonline.com
42,yahoo.co.jp
43,xhamster.com
44,paypal.com
45,iqiyi.com
46,spankbang.com
47,pinterest.com
48,mail.ru
49,ebay.com
50,douban.com
51,msn.com
52,imdb.com
53,amazon.in
54,netflix.com
55,adobe.com
56,telegram.org
57,dzen.ru
58,quora.com
59,stackoverflow.com
60,sohu.com
61,spotify.com
62,aliyun.com
63,xnxx.com
64,1688.com
65,myshopify.com
66,tmall.com
67,indeed.com
68,deepl.com
69,twimg.com
70,pixiv.net
71,feishu.cn
72,duckduckgo.com
73,amazon.co.jp
74,google.co.in
75,msn.cn
76,tencent.com
77,freepik.com
78,etsy.com
79,amazon.co.uk
80,booking.com
81,imgur.com
82,jianshu.com
83,ilovepdf.com
84,twitch.tv
85,atlassian.net
86,force.com
87,dropbox.com
88,office365.com
89,alipay.com
90,discord.com
91,namu.wiki
92,t.me
93,wordpress.com
94,nih.gov
95,tradingview.com
96,avito.ru
97,3dmgame.com
98,xiaohongshu.com
99,instructure.com
100,onlyfans.com
101,amazonaws.com
102,flipkart.com
103,hao123.com
104,alibaba.com
105,hupu.com
106,cnki.net
107,mediafire.com
108,tistory.com
109,figma.com
110,smzdm.com
111,doubleclick.net
112,youdao.com
113,52pojie.cn
114,sogou.com
115,chaturbate.com
116,ok.ru
117,realsrv.com
118,eastmoney.com
119,trello.com
120,google.de
121,slack.com
122,nytimes.com
123,fiverr.com
124,tumblr.com
125,notion.so
126,shopify.com
127,toutiao.com
128,bbc.com
129,okta.com
130,digikala.com
131,w3schools.com
132,medium.com
133,so.com
134,google.co.jp
135,douyin.com
136,fc2.com
137,cnn.com
138,google.co.uk
139,weather.com
140,udemy.com
141,gitee.com
142,missav.com
143,autohome.com.cn
144,amazon.it
145,quizlet.com
146,archive.org
147,intuit.com
148,speedtest.net
149,mega.nz
150,researchgate.net
151,ozon.ru
152,youku.com
153,wetransfer.com
154,vimeo.com
155,chase.com
156,rakuten.co.jp
157,binance.com
158,walmart.com
159,cnblogs.com
160,sciencedirect.com
161,115.com
162,hitomi.la
163,behance.net
164,grammarly.com
165,eporner.com
166,51cto.com
167,linktr.ee
168,upwork.com
169,fmkorea.com
170,gamersky.com
171,ali213.net
172,googlevideo.com
173,gstatic.com
174,salesforce.com
175,dmm.co.jp
176,espn.com
177,shutterstock.com
178,zendesk.com
179,godaddy.com
180,ixigua.com
181,zxx.edu.cn
182,savefrom.net
183,mozilla.org
184,zillow.com
185,amazon.ca
186,yandex.com
187,amazon.fr
188,deviantart.com
189,e-hentai.org
190,indiatimes.com
191,hubspot.com
192,stripe.com
193,quillbot.com
194,uol.com.br
195,douyu.com
196,dailymail.co.uk
197,google.com.tw
198,amazon.es
199,cloudfront.net
200,google.ru
201,runoob.com
202,pexels.com
203,bytedance.net
204,yuque.com
205,ifeng.com
206,livejasmin.com
207,wildberries.ru
208,nhentai.net
209,zoho.com
210,samsung.com
211,theguardian.com
212,remove.bg
213,amazon.de
214,yts.mx
215,bankofamerica.com
216,daum.net
217,greasyfork.org
218,sxyprn.com
219,coinmarketcap.com
220,cloudflare.com
221,eastday.com
222,y2mate.com
223,apple.com.cn
224,yiyouliao.com
225,zhipin.com
226,investing.com
227,livedoor.jp
228,oracle.com
229,gosuslugi.ru
230,shein.com
231,blogger.com
232,pixabay.com
233,qidian.com
234,roblox.com
235,chess.com
236,envato.com
237,pinimg.com
238,line.me
239,noodlemagazine.com
240,360.cn
241,google.ca
242,shopee.tw
243,tianyancha.com
244,zerodha.com
245,nicovideo.jp
246,shaparak.ir
247,coupang.com
248,nvidia.com
249,zoro.to
250,myworkday.com
251,aparat.com
252,animeflv.net
253,alibaba-inc.com
254,google.com.mx
255,ya.ru
256,bbc.co.uk
257,mercadolibre.com.ar
258,crunchyroll.com
259,coursera.org
260,unsplash.com
261,v2ex.com
262,jable.tv
263,amazon.com.mx
264,jb51.net
265,soundcloud.com
266,huaban.com
267,scribd.com
268,craigslist.org
269,xxxxx520.com
270,zol.com.cn
271,steampowered.com
272,hdfcbank.com
273,pconline.com.cn
274,1337x.to
275,manatoki215.net
276,9gag.com
277,google.co.kr
278,asana.com
279,www.gov.uk
280,360.com
281,dell.com
282,hotstar.com
283,nga.cn
284,wikimedia.org
285,cupfox.app
286,wellsfargo.com
287,quark.cn
288,googleadservices.com
289,similarweb.com
290,xueqiu.com
291,blog.jp
292,chegg.com
293,myanimelist.net
294,varzesh3.com
295,dailymotion.com
296,wix.com
297,foxnews.com
298,xhamsterlive.com
299,lenovo.com.cn
300,patreon.com
301,reverso.net
302,china.com
303,dingtalk.com
304,book118.com
305,kakao.com
306,myworkdayjobs.com
307,huawei.com
308,geeksforgeeks.org
309,ups.com
310,stripchat.com
311,cambridge.org
312,docin.com
313,mi.com
314,nexon.com
315,xhamster18.desi
316,forbes.com
317,hp.com
318,usps.com
319,wordpress.org
320,bet365.com
321,gogoanime.bid
322,kdocs.cn
323,gitlab.com
324,healthline.com
325,google.co.th
326,istockphoto.com
327,zhibo8.cc
328,torob.com
329,wiley.com
330,divar.ir
331,artstation.com
332,qcc.com
333,cctv.com
334,wowhead.com
335,360doc.com
336,lanzoug.com
337,goodreads.com
338,chinaz.com
339,ea.com
340,oraclecloud.com
341,youporn.com
342,primevideo.com
343,gofile.io
344,fast.com
345,biligame.com
346,shaggyselectmast.com
347,google.com.tr
348,office.net
349,dcinside.com
350,americanexpress.com
351,springer.com
352,asus.com
353,capitalone.com
354,homedepot.com
355,sahibinden.com
356,thisvid.com
357,erome.com
358,mangaraw.to
359,supjav.com
360,service-now.com
361,genius.com
362,npmjs.com
363,sina.cn
364,adp.com
365,nudgeworry.com
366,dribbble.com
367,sourceforge.net
368,solemnvine.com
369,hostinger.com
370,marca.com
371,dlsite.com
372,sweepfrequencydissolved.com
373,pearson.com
374,mydrivers.com
375,onlinesbi.sbi
376,jetbrains.com
377,smartedu.cn
378,chsi.com.cn
379,javdb.com
380,globo.com
381,powerbi.com
382,mercadolibre.com.mx
383,dongchedi.com
384,google.cn
385,gamer.com.tw
386,themeforest.net
387,feignthat.com
388,aliyuncs.com
389,taboola.com
390,chapmanganato.com
391,softonic.com
392,thepaper.cn
393,oschina.net
394,theporndude.com
395,wikihow.com
396,aliexpress.ru
397,trendyol.com
398,equitydefault.com
399,lanhuapp.com
400,skype.com
401,naukri.com
402,google.fr
403,messenger.com
404,yelp.com
405,gd.gov.cn
406,docker.com
407,9animetv.to
408,tokopedia.com
409,excretekings.com
410,xiaomi.com
411,icicibank.com
412,ign.com
413,wise.com
414,mheducation.com
415,4chan.org
416,chaoxing.com
417,discordapp.com
418,arxiv.org
419,for-j.com
420,naveljutmistress.com
421,dytt8.net
422,academia.edu
423,convertio.co
424,zippyshare.com
425,gumroad.com
426,178.com
427,fidelity.com
428,stackexchange.com
429,aliexpress.us
430,kinopoisk.ru
431,ampproject.org
432,archiveofourown.org
433,redd.it
434,fedex.com
435,t66y.com
436,zoukankan.com
437,shopee.co.id
438,bitbucket.org
439,bestbuy.com
440,atlassian.com
441,payoneer.com
442,tripadvisor.com
443,bendibao.com
444,smallpdf.com
445,accuweather.com
446,hulu.com
447,turkiye.gov.tr
448,wps.cn
449,ctfile.com
450,redtube.com
451,acfun.cn
452,target.com
453,steamcommunity.com
454,python.org
455,amap.com
456,tragicbeyond.com
457,bdimg.com
458,ibm.com
459,shopee.co.th
460,nike.com
461,hbomax.com
462,irs.gov
463,google.com.sa
464,tnaflix.com
465,66law.cn
466,cdninstagram.com
467,ixxx.com
468,ouo.io
469,docomo.ne.jp
470,gamewith.jp
471,hepsiburada.com
472,miro.com
473,shopee.com.my
474,tktube.com
475,bitly.com
476,leetcode.cn
477,btnull.org
478,midjourney.com
479,box.com
480,mailchimp.com
481,trustpilot.com
482,4399.com
483,digitalocean.com
484,nextdoor.com
485,intel.com
486,mercari.com
487,icloud.com
488,google.com.br
489,zcool.com.cn
490,rule34.xxx
491,fitgirl-repacks.site
492,woa.com
493,kuaishou.com
494,merriam-webster.com
495,alicdn.com
496,lenovo.com
497,arca.live
498,itch.io
499,seznam.cz
500,calendly.com
501,wnacg.org
502,mit.edu
503,huaweicloud.com
504,weibo.cn
505,b2clogin.com
506,tokyomotion.net
507,chinatax.gov.cn
508,codepen.io
509,cricbuzz.com
510,porntrex.com
511,rutracker.org
512,namecheap.com
513,proton.me
514,europa.eu
515,eksisozluk.com
516,crjpgate.com
517,freeok.vip
518,investopedia.com
519,tapd.cn
520,harvard.edu
521,lanzoui.com
522,shimo.im
523,wiktionary.org
524,xbox.com
525,423down.com
526,gamespot.com
527,soap2day.to
528,slideshare.net
529,ptt.cc
530,webpkgcache.com
531,onet.pl
532,cnbc.com
533,wp.pl
534,gsmarena.com
535,fapello.com
536,ddys.art
537,google.com.au
538,jinritemai.com
539,futbin.com
540,ca.gov
541,flaticon.com
542,zhaopin.com
543,shopee.vn
544,bbsmax.com
545,drctcldfa.com
546,motherless.com
547,xunlei.com
548,2345.com
549,mcmod.cn
550,agemys.net
551,state.gov
552,apache.org
553,manage.wix.com
554,huggingface.co
555,wsj.com
556,mdpi.com
557,boyfriendtv.com
558,duolingo.com
559,txxx.com
560,ithome.com
561,thesaurus.com
562,olevod.com
563,wayfair.com
564,donmai.us
565,agoda.com
566,google.com.eg
567,monday.com
568,brave.com
569,asurascans.com
570,mnw.cn
571,espncricinfo.com
572,infobae.com
573,poki.com
574,11467.com
575,canada.ca
576,syosetu.com
577,qualtrics.com
578,washingtonpost.com
579,squarespace.com
580,bunkr.ru
581,vnexpress.net
582,freecodecamp.org
583,ebay.co.uk
584,as.com
585,playstation.com
586,amazon.cn
587,360kuai.com
588,lazada.co.th
589,rumble.com
590,hanime1.me
591,moneycontrol.com
592,nature.com
593,5ch.net
594,britannica.com
595,notion.site
596,forms.gle
597,noonoo26.tv
598,opensea.io
599,51job.com
600,storage.googleapis.com
601,ameblo.jp
602,dood.yt
603,evernote.com
604,mayoclinic.org
605,ctrip.com
606,hotmart.com
607,azure.com
608,airbnb.com
609,cloudconvert.com
610,ilive.cn
611,wikiwiki.jp
612,amazon.com.au
613,rottentomatoes.com
614,123pan.com
615,reuters.com
616,thingiverse.com
617,pornpics.com
618,raw.githubusercontent.com
619,semrush.com
620,ikea.com
621,glassdoor.com
622,anahitagirted.uno
623,gismeteo.ru
624,loom.com
625,hqporner.com
626,autodesk.com
627,zxxk.com
628,zaobao.com
629,udn.com
630,ieee.org
631,6080dy2.com
632,rt.com
633,weiyun.com
634,airtable.com
635,cengage.com
636,lenta.ru
637,typeform.com
638,disneyplus.com
639,xuexi.cn
640,ria.ru
641,duosecurity.com
642,tampermonkey.net
643,hh.ru
644,rezka.ag
645,eroterest.net
646,rakuten.com
647,1fichier.com
648,upornia.com
649,gmw.cn
650,juejin.cn
651,smdyy.cc
652,9anime.to
653,redgifs.com
654,pornzog.com
655,wattpad.com
656,substack.com
657,hao6v.cc
658,hdmoli.com
659,clickup.com
660,redfin.com
661,sz.gov.cn
662,18comic.vip
663,unity.com
664,ahhhhfs.com
665,windowsazure.com
666,businessinsider.com
667,pdfdrive.com
668,segmentfault.com
669,att.com
670,irctc.co.in
671,9game.cn
672,rule34video.com
673,doorblog.jp
674,uptodown.com
675,docusign.com
676,yourbestjournal.com
677,bloomberg.com
678,anjuke.com
679,miyoushe.com
680,netease.com
681,uptobox.com
682,auth0.com
683,citi.com
684,nypost.com
685,superuser.com
686,dafont.com
687,epicgames.com
688,costco.com
689,yoojia.com
690,xfantazy.com
691,goo.ne.jp
692,dogdrip.net
693,xero.com
694,vidhub.top
695,ylwt33.com
696,indiamart.com
697,bilibili.tv
698,snapchat.com
699,lectortmo.com
700,smallseotools.com
701,pchome.com.tw
702,ondemand.com
703,processon.com
704,realtor.com
705,mgtv.com
706,atwiki.jp
707,rubika.ir
708,speedtest.cn
709,newtoki215.com
710,court.gov.cn
711,youjizz.com
712,wordreference.com
713,justwatch.com
714,anxia.com
715,byjus.com
716,internetdownloadmanager.com
717,chiphell.com
718,fang.com
719,jav.guru
720,gitee.io
721,interia.pl
722,ezgif.com
723,ebay.com.au
724,google.com.ar
725,javatpoint.com
726,antfin.com
727,zapier.com
728,weebly.com
729,liepin.com
730,189.cn
731,sberbank.ru
732,getbootstrap.com
733,iwara.tv
734,iloveimg.com
735,gmarket.co.kr
736,zztongyun.com
737,pixhost.to
738,ebay-kleinanzeigen.de
739,subhd.tv
740,makeuseof.com
741,patria.org.ve
742,mos.ru
743,ytimg.com
744,amazon.ae
745,dhl.com
746,ximalaya.com
747,apa.az
748,googlesyndication.com
749,vecteezy.com
750,bale.ai
751,frontiersin.org
752,onlinedown.net
753,basecamp.com
754,meesho.com
755,mat6tube.com
756,nalog.ru
757,docusign.net
758,feimaoyun.com
759,expedia.com
760,cityheaven.net
761,javmix.tv
762,simpcity.su
763,vuejs.org
764,flickr.com
765,shuzhiduo.com
766,kakaku.com
767,ke.com
768,oxu.az
769,teachable.com
770,youzan.com
771,zoominfo.com
772,ghxi.com
773,issuu.com
774,lowes.com
775,tvmao.com
776,surveymonkey.com
777,slickdeals.net
778,javhdporn.net
779,bdys01.com
780,huatu.com
781,livejournal.com
782,doc88.com
783,google.co.id
784,hm.com
785,xiaoman.cn
786,tsinghua.edu.cn
787,google.es
788,coonandeg.xyz
789,fmovies.to
790,camwhores.tv
791,emofid.com
792,faphouse.com
793,mangadex.org
794,amazon.sa
795,126.com
796,xlivrdr.com
797,socialmediagirls.com
798,imagetwist.com
799,windows.net
800,www.gov.cn
801,maigoo.com
802,58.com
803,pngtree.com
804,beijing.gov.cn
805,jotform.com
806,dmm.com
807,blackboard.com
808,made-in-china.com
809,gamerant.com
810,lanzoux.com
811,o8tv.com
812,askubuntu.com
813,sheetvibe.com
814,pixnet.net
815,bandcamp.com
816,guancha.cn
817,dreamstime.com
818,18183.com
819,hsforms.com
820,streamtape.com
821,creditkarma.com
822,spiegel.de
823,onelogin.com
824,pornone.com
825,shaheed4u.work
826,dns-shop.ru
827,elpais.com
828,pypi.org
829,drctcldfafwr.com
830,wondershare.com
831,google.com.vn
832,pinduoduo.com
833,consultant.ru
834,bankmellat.ir
835,experimentalconcerningsuck.com
836,wp.com
837,10086.cn
838,t-online.de
839,sspai.com
840,11st.co.kr
841,tandfonline.com
842,liquipedia.net
843,payu.in
844,leetcode.com
845,forexfactory.com
846,note.com
847,ikco.ir
848,meijutt.tv
849,billdesk.com
850,rambler.ru
851,flash.cn
852,hatenablog.com
853,feedly.com
854,usatoday.com
855,sinaimg.cn
856,yangkeduo.com
857,manganato.com
858,idnes.cz
859,adobelogin.com
860,game8.jp
861,pikabu.ru
862,timeanddate.com
863,vmware.com
864,coingecko.com
865,17track.net
866,prototypewailrubber.com
867,sap.com
868,optnx.com
869,codecanyon.net
870,justdial.com
871,criteo.com
872,ebay.de
873,goo.gl
874,bongacams.com
875,avgle.com
876,list-manage.com
877,freelancer.com
878,google.it
879,td.com
880,oup.com
881,minecraft.net
882,emojipedia.org
883,sat.gob.mx
884,online-convert.com
885,livedoor.com
886,rediff.com
887,ahrefs.com
888,sketchfab.com
889,discover.com
890,asos.com
891,lichess.org
892,xfinity.com
893,osiextantly.com
894,fantuanhd.com
895,fuliba2023.net
896,lazada.com.ph
897,klaviyo.com
898,huijiwiki.com
899,redbubble.com
900,moegirl.org.cn
901,kahoot.it
902,wallhaven.cc
903,momoshop.com.tw
904,colamanhua.com
905,trip.com
906,pdffiller.com
907,battle.net
908,coinbase.com
909,visualstudio.com
910,allegro.pl
911,sex.com
912,ccschy.com
913,wjx.cn
914,editorialmanager.com
915,erothots.co
916,fanbox.cc
917,youtu.be
918,togetter.com
919,byted.org
920,webmd.com
921,4channel.org
922,oaxyteek.net
923,google.az
924,detik.com
925,hifini.com
926,nexusmods.com
927,eitaa.com
928,ettoday.net
929,khanacademy.org
930,buzzfeed.com
931,ustc.edu.cn
932,doordash.com
933,tutorialspoint.com
934,rightmove.co.uk
935,iau.ir
936,activehosted.com
937,modao.cc
938,drom.ru
939,ecosia.org
940,aol.com
941,bild.de
942,concursolutions.com
943,igram.io
944,lanzouw.com
945,taleo.net
946,amazon.eg
947,zsxq.com
948,studocu.com
949,habr.com
950,bytedance.com
951,novinky.cz
952,cnet.com
953,roudoduor.com
954,huya.com
955,leagueoflegends.com
956,amd.com
957,screenrant.com
958,xiaoheimi.net
959,pixlr.com
960,teacherspayteachers.com
961,themoviedb.org
962,report.az
963,bmi.ir
964,tamin.ir
965,czzy01.com
966,acesso.gov.br
967,dw.com
968,hanime.tv
969,eventbrite.com
970,likecs.com
971,shopee.ph
972,library.lol
973,aznude.com
974,fazenda.gov.br
975,google.com.ua
976,xiumi.us
977,teambition.com
978,akamaized.net
979,calculator.net
980,booth.pm
981,thegamer.com
982,jjwxc.net
983,dev.to
984,iknight.lol
985,nfl.com
986,uber.com
987,nba.com
988,iconfont.cn
989,yadongtube.net
990,veed.io
991,ibb.co
992,lever.co
993,sdo.com
994,kooora.com
995,e621.net
996,hostinger.in
997,tsetmc.com
998,razorpay.com
999,bp.blogspot.com
1000,flashscore.com
1001,linkvertise.com
1002,brightspace.com
1003,makemytrip.com
1004,coursehero.com
1005,aa.com
1006,crunchbase.com
1007,bit.ly
1008,mercadolibre.com.ve
1009,javgg.net
1010,epfindia.gov.in
1011,pcauto.com.cn
1012,impress.co.jp
1013,media-amazon.com
1014,files.wordpress.com
1015,odcoc.com
1016,myntra.com
1017,amazon.com.tr
1018,peacocktv.com
1019,giphy.com
1020,ruliweb.com
1021,nintendo.com
1022,telegra.ph
1023,sportskeeda.com
1024,myzaker.com
1025,quickconnect.cn
1026,pelisplus.lat
1027,freepik.es
1028,marketwatch.com
1029,webtoons.com
1030,cloudinary.com
1031,yandex.com.tr
1032,iqbroker.com
1033,biblegateway.com
1034,mcas.ms
1035,libvio.me
1036,biancheng.net
1037,jut.su
1038,ashemaletube.com
1039,onelink.me
1040,cdc.gov
1041,crazygames.com
1042,hdtoday.tv
1043,mihoyo.com
1044,freshdesk.com
1045,groww.in
1046,gdz.ru
1047,verizon.com
1048,newegg.com
1049,npr.org
1050,dianxiaomi.com
1051,un.org
1052,afdian.net
1053,sextb.net
1054,google.com.pk
1055,streamable.com
1056,exoclick.com
1057,zj.gov.cn
1058,shrinke.me
1059,rbc.ru
1060,orest-vlv.com
1061,pianshen.com
1062,schwab.com
1063,piliapp.com
1064,greenhouse.io
1065,mrdeepfakes.com
1066,macys.com
1067,uchi.ru
1068,myflixer.to
1069,news18.com
1070,xhamster3.com
1071,mobile.de
1072,nvidia.cn
1073,dy2018.com
1074,vitalsource.com
1075,successfactors.com
1076,xhday.com
1077,pcbeta.com
1078,ryanair.com
1079,pornez.net
1080,zoho.in
1081,xe.com
1082,amazon.com.br
1083,xunniufile.com
1084,mosreg.ru
1085,mangakakalot.com
1086,game8.co
1087,gitbook.io
1088,business.site
1089,japanpost.jp
1090,mioffice.cn
1091,documentforce.com
1092,36kr.com
1093,temu.com
1094,58pic.com
1095,steamdb.info
1096,kaggle.com
1097,powerschool.com
1098,emalls.ir
1099,right.com.cn
1100,ynet.co.il
1101,dcloud.net.cn
1102,incometax.gov.in
1103,runescape.wiki
1104,disqus.com
1105,17173.com
1106,zju.edu.cn
1107,ecollege.com
1108,lazada.com.my
1109,whatismyipaddress.com
1110,asu.edu
1111,mongodb.com
1112,royalbank.com
1113,takealot.com
1114,gaoding.com
1115,kohls.com
1116,brainly.com
1117,apkpure.com
1118,fontawesome.com
1119,duplichecker.com
1120,lanzoub.com
1121,ip138.com
1122,quizizz.com
1123,2annalea.com
1124,jw.org
1125,sarkariresult.com
1126,bakusai.com
1127,ppomppu.co.kr
1128,lanzoue.com
1129,teamviewer.com
1130,lastpass.com
1131,renrendoc.com
1132,tmohentai.com
1133,znds.com
1134,bhphotovideo.com
1135,blizzard.com
1136,fotor.com
1137,hlsloader.com
1138,subscene.com
1139,abc.net.au
1140,delta.com
1141,daraz.pk
1142,etherscan.io
1143,android.com
1144,fenbi.com
1145,lofter.com
1146,hoyoverse.com
1147,elmundo.es
1148,itmedia.co.jp
1149,sxyprn.net
1150,utorrent.com
1151,cuevana3.ai
1152,imagebam.com
1153,sci-hub.ru
1154,google.com.pe
1155,codenong.com
1156,soap2day.ac
1157,repubblica.it
1158,gimy.app
1159,xingyaopan.com
1160,oceanengine.com
1161,kontur.ru
1162,collegeboard.org
1163,yandex.net
1164,filimo.com
1165,outbrain.com
1166,antfin-inc.com
1167,tgju.org
1168,webex.com
1169,elsevier.com
1170,pdf2go.com
1171,awaliwa.com
1172,hxaa74.com
1173,drive2.ru
1174,kemdikbud.go.id
1175,doujin-freee.com
1176,marriott.com
1177,wqjbldnnceroue.com
1178,kakuyomu.jp
1179,sagepub.com
1180,tableau.com
1181,videocampaign.co
1182,fagawdasv.com
1183,y2mate.is
1184,adyen.com
1185,news.com.au
1186,axshare.com
1187,ibaotu.com
1188,shahed4u.rest
1189,gazzetta.it
1190,ssa.gov
1191,ndtv.com
1192,ngabbs.com
1193,zarinpal.com
1194,gst.gov.in
1195,odoo.com
1196,xvideos.es
1197,zalo.me
1198,moudamepo.com
1199,bt-tt.com
1200,cbssports.com
1201,i4.cn
1202,91porn.com
1203,ssstwitter.com
1204,mydramalist.com
1205,infourok.ru
1206,lanzout.com
1207,tinkoff.ru
1208,pngegg.com
1209,ukr.net
1210,ticketmaster.com
1211,towardsdatascience.com
1212,socialblade.com
1213,manhuagui.com
1214,meituan.com
1215,freepikcompany.com
1216,icourse163.org
1217,7mmtv.sx
1218,icauto.com.cn
1219,hsex.men
1220,google.co.ve
1221,haberturk.com
1222,dianping.com
1223,turnitin.com
1224,temp-mail.org
1225,webflow.com
1226,jsonplayer.com
1227,incestflix.com
1228,91porny.com
1229,nowcoder.com
1230,cambro.tv
1231,cpta.com.cn
1232,tap.az
1233,jkanime.net
1234,programiz.com
1235,web.dev
1236,nsfc.gov.cn
1237,yaurl302.xyz
1238,liffswithabr.com
1239,mcbbs.net
1240,totalrecaptcha.top
1241,pantip.com
1242,dictionary.com
1243,lanzoum.com
1244,thesun.co.uk
1245,uscis.gov
1246,ask.com
1247,xvideos-cdn.com
1248,statista.com
1249,vjav.com
1250,9anime.gs
1251,icims.com
1252,xinhuanet.com
1253,hetapus.com
1254,uidai.gov.in
1255,tabelog.com
1256,op.gg
1257,imooc.com
1258,redhat.com
1259,nhk.or.jp
1260,tenor.com
1261,ameritrade.com
1262,ionos.com
1263,mirror.co.uk
1264,bgm.tv
1265,mathworks.com
1266,olx.in
1267,testbook.com
1268,sony.com
1269,rarbgprx.org
1270,uniqlo.com
1271,cookpad.com
1272,clickbank.com
1273,secureserver.net
1274,m-team.cc
1275,tianqi.com
1276,computrabajo.com
1277,mobile01.com
1278,gpuqizoz.com
1279,tvtropes.org
1280,maybank2u.com.my
1281,tesla.com
1282,nseindia.com
1283,caliente.mx
1284,nodejs.org
1285,twidouga.net
1286,ltn.com.tw
1287,iam.gov.sa
1288,vcg.com
1289,spectrum.net
1290,smartsheet.com
1291,exness.com
1292,goal.com
1293,cuny.edu
1294,copy.ai
1295,findlaw.cn
1296,kickstarter.com
1297,mbc.net
1298,skyscanner.net
1299,idealista.com
1300,mynet.com
1301,javmost.com
1302,basalam.com
1303,f95zone.to
1304,dcard.tw
1305,sketchup.com
1306,domp4.cc
1307,baeldung.com
1308,hurriyet.com.tr
1309,syf.com
1310,ok.xxx
1311,kafan.cn
1312,lazada.co.id
1313,libgen.rs
1314,absher.sa
1315,go.com
1316,outlook.com
1317,animego.org
1318,hindustantimes.com
1319,who.int
1320,lemonde.fr
1321,sflix.to
1322,mundodeportivo.com
1323,n-tv.de
1324,hootsuite.com
1325,post.ir
1326,1kbtool.com
1327,bookmyshow.com
1328,rutube.ru
1329,gamekee.com
1330,fextralife.com
1331,webofscience.com
1332,jiemian.com
1333,imhentai.xxx
1334,elespanol.com
1335,sehuatang.net
1336,proquest.com
1337,civitai.com
1338,editor.wix.com
1339,chinatimes.com
1340,kayak.com
1341,gazeta.pl
1342,sankakucomplex.com
1343,arfbiqgapb.com
1344,google.pl
1345,yhdmp.cc
1346,rrdynb.com
1347,auction.co.kr
1348,weather.com.cn
1349,stanford.edu
1350,wikidot.com
1351,fuq.com
1352,yektanet.com
1353,line.biz
1354,jeuxvideo.com
1355,isna.ir
1356,pku.edu.cn
1357,haraj.com.sa
1358,prnt.sc
1359,rockstargames.com
1360,writesonic.com
1361,reclameaqui.com.br
1362,livescore.com
1363,transfermarkt.com
1364,xhamster.desi
1365,rmdown.com
1366,lanzouy.com
1367,yinxiang.com
1368,bybit.com
1369,tenki.jp
1370,9damaogame.net
1371,last.fm
1372,fantia.jp
1373,farsnews.ir
1374,icbc.com.cn
1375,eenadu.net
1376,2chan.net
1377,tradingeconomics.com
1378,windy.com
1379,gaesataigal.uno
1380,tb.cn
1381,google.co.za
1382,nate.com
1383,xvideos.red
1384,wuqianka.top
1385,t-mobile.com
1386,ycombinator.com
1387,buyee.jp
1388,azertag.az
1389,zara.com
1390,msi.com
1391,finalfantasyxiv.com
1392,ruiwen.com
1393,milliyet.com.tr
1394,vrbo.com
1395,tax.gov.ir
1396,ilbe.com
1397,tt1069.com
1398,php.net
1399,vg.no
1400,saraba1st.com
1401,theqoo.net
1402,hiyobi.me
1403,sozcu.com.tr
1404,medicalnewstoday.com
1405,usnews.com
1406,apta.gov.cn
1407,bscscan.com
1408,cint.com
1409,hrblock.com
1410,unam.mx
1411,huffpost.com
1412,filehorse.com
1413,techtarget.com
1414,replit.com
1415,ubuntu.com
1416,stats.gov.cn
1417,accenture.com
1418,focus.de
1419,paytm.in
1420,mysql.com
1421,gelbooru.com
1422,watchfreejavonline.co
1423,digitalframeflow.com
1424,realestate.com.au
1425,userbenchmark.com
1426,fanfiction.net
1427,reactjs.org
1428,7oc5b1i3v4iu.top
1429,pathofexile.com
1430,shueisha.co.jp
1431,jia.com
1432,adsco.re
1433,1377x.to
1434,gsxt.gov.cn
1435,njav.tv
1436,squareup.com
1437,dhl.de
1438,index.hr
1439,ysepan.com
1440,ssyoutube.com
1441,india.com
1442,madrasati.sa
1443,jobui.com
1444,lefigaro.fr
1445,bmcx.com
1446,indianexpress.com
1447,tinder.com
1448,ivi.ru
1449,umich.edu
1450,tdameritrade.com
1451,mrjav.net
1452,anydesk.com
1453,pinterest.es
1454,simplilearn.com
1455,qatarairways.com
1456,corriere.it
1457,goojara.to
1458,literotica.com
1459,nu.nl
1460,slidesgo.com
1461,xgroovy.com
1462,appsflyer.com
1463,myfreecams.com
1464,lanacion.com.ar
1465,greythr.com
1466,lianjia.com
1467,123moviesfree.net
1468,gitcode.net
1469,huxiu.com
1470,fnb.co.za
1471,loverslab.com
1472,sitesaver.net
1473,studentaid.gov
1474,prezi.com
1475,pornhat.com
1476,chosun.com
1477,ft.com
1478,sport.es
1479,depositphotos.com
1480,digimovie.vip
1481,banvenez.com
1482,pcmag.com
1483,exhentai.org
1484,you.com
1485,kaspersky.com
1486,himasoku.com
1487,href.li
1488,soft98.ir
1489,zingnews.vn
1490,jandan.net
1491,yandex.kz
1492,qiniu.com
1493,x-mol.com
1494,xitongzhijia.net
1495,semanticscholar.org
1496,skroutz.gr
1497,wargaming.net
1498,pngwing.com
1499,wanfangdata.com.cn
1500,joinhoney.com
1501,yinghuacd.com
1502,wikiwand.com
1503,2gis.ru
1504,pornkai.com
1505,tool.lu
1506,yhvod.net
1507,pub.dev
1508,id.me
1509,gupy.io
1510,ansa.it
1511,theverge.com
1512,hostloc.com
1513,64365.com
1514,southwest.com
1515,uisdc.com
1516,dotmovies.xyz
1517,linkbux.com
1518,jin115.com
1519,etrade.com
1520,zhenfanjixie.com
1521,paheal.net
1522,cuevana3.it
1523,olx.ua
1524,2ch-c.net
1525,akakce.com
1526,mercadolivre.com.br
1527,xataka.com
1528,skysports.com
1529,maoyan.com
1530,alternativeto.net
1531,20minutos.es
1532,liveworksheets.com
1533,kapitalbank.az
1534,infoq.cn
1535,rapidtables.com
1536,zhaket.com
1537,iyf.tv
1538,sbrf.ru
1539,sendinblue.com
1540,urbandictionary.com
1541,cas.cn
1542,linuxhint.com
1543,rajasthan.gov.in
1544,taoguba.com.cn
1545,cableav.tv
1546,ero-labs.site
1547,sh.gov.cn
1548,unrealengine.com
1549,e-taxes.gov.az
1550,prothomalo.com
1551,bluehost.com
1552,clever.com
1553,geekbang.org
1554,hugedomains.com
1555,sci-hub.st
1556,youm7.com
1557,photopea.com
1558,tinypng.com
1559,pnc.com
1560,mycimaa.tv
1561,tomshardware.com
1562,weather.gov
1563,bangbros.com
1564,4kporn.xxx
1565,ziprecruiter.com
1566,mafengwo.cn
1567,filecr.com
1568,serverfault.com
1569,aizhan.com
1570,cisco.com
1571,itellyou.cn
1572,riotgames.com
1573,javdb006.com
1574,sexkbj.com
1575,nikkei.com
1576,opensubtitles.org
1577,skrbtla.top
1578,kickassanime.ro
1579,sjtu.edu.cn
1580,intel.cn
1581,usbank.com
1582,mofidonline.com
1583,cibc.com
1584,hilton.com
1585,miui.com
1586,blogimg.jp
1587,apartments.com
1588,csai.cn
1589,gmail.com
1590,orf.at
1591,tagesschau.de
1592,sf-express.com
1593,picd232.xyz
1594,jaavnacsdw.com
1595,xm.com
1596,usaa.com
1597,kp.ru
1598,afip.gob.ar
1599,kuronekoyamato.co.jp
1600,usi32.com
1601,kijiji.ca
1602,dnevnik.ru
1603,japaneseasmr.com
1604,nsw.gov.au
1605,wunderground.com
1606,manongjc.com
1607,btbtt15.com
1608,virustotal.com
1609,xxxnewvideos.com
1610,poshmark.com
1611,pinterest.co.uk
1612,netsuite.com
1613,ucla.edu
1614,mercadolibre.com
1615,daft.sex
1616,whookroo.com
1617,getpocket.com
1618,reverb.com
1619,twittervideodownloader.com
1620,google.com.co
1621,united.com
1622,home-assistant.io
1623,freeconvert.com
1624,5movierulz.sx
1625,liaoxuefeng.com
1626,leboncoin.fr
1627,stormstone.top
1628,javhub.net
1629,nordvpn.com
1630,annas-archive.org
1631,kinogo.biz
1632,perfectgirls.net
1633,sankuai.com
1634,ubereats.com
1635,tubesafari.com
1636,nudevista.com
1637,ultipro.com
1638,purdue.edu
1639,laposte.fr
1640,livedoor.biz
1641,tci.ir
1642,wcostream.net
1643,colg.cn
1644,ui.com
1645,highcpmrevenuenetwork.com
1646,who.is
1647,kompas.com
1648,thestreameast.to
1649,benesse.ne.jp
1650,eshkol.io
1651,iduba.com
1652,illinois.edu
1653,mysmth.net
1654,10jqka.com.cn
1655,exporntoons.net
1656,informer.com
1657,stockx.com
1658,constantcontact.com
1659,newgrounds.com
1660,licdn.com
1661,ubc.ca
1662,screener.in
1663,caixa.gov.br
1664,tianya.cn
1665,postermywall.com
1666,clarin.com
1667,cic.gc.ca
1668,thenetnaija.net
1669,custhelp.com
1670,nordaccount.com
1671,cardinalcommerce.com
1672,sweepstakessurveytoday.com
1673,dbw.cn
1674,wordcounter.net
1675,shandong.gov.cn
1676,ytmp3.nu
1677,filmaffinity.com
1678,express.co.uk
1679,seznamzpravy.cz
1680,bahn.de
1681,clevelandclinic.org
1682,welt.de
1683,rapidgator.net
1684,sbis.ru
1685,independent.co.uk
1686,chingari.io
1687,adliran.ir
1688,blooket.com
1689,metacritic.com
1690,fbsbx.com
1691,unity3d.com
1692,hacg.mom
1693,tsyndicate.com
1694,letpub.com.cn
1695,sejda.com
1696,adjust.com
1697,allrecipes.com
1698,glevoloo.com
1699,aliyundrive.com
1700,sabah.com.tr
1701,gazeta.ru
1702,wixmp.com
1703,va.gov
1704,enamad.ir
1705,sunporno.com
1706,lazada.vn
1707,oray.com
1708,lordfilm.lu
1709,pdfsimpli.com
1710,axisbank.co.in
1711,ebay.ca
1712,ranker.com
1713,donga.com
1714,downxia.com
1715,588ku.com
1716,sofascore.com
1717,time.ir
1718,terabox.com
1719,hdslb.com
1720,cdntechone.com
1721,studfile.net
1722,yimg.com
1723,jdpay.com
1724,ajio.com
1725,ssense.com
1726,norton.com
1727,dood.re
1728,mockplus.cn
1729,celebjihad.com
1730,apnews.com
1731,go.dev
1732,oa.com
1733,clickfunnels.com
1734,iaadd.cn
1735,ny.gov
1736,foodnetwork.com
1737,500.com
1738,dramacool.cr
1739,usg.edu
1740,binomnet.com
1741,olx.pl
1742,newsnow.co.uk
1743,nasa.gov
1744,freebitco.in
1745,appfolio.com
1746,mynavi.jp
1747,otnolatrnup.com
1748,wannianli8.com
1749,sonkwo.cn
1750,bitchute.com
1751,rahavard365.com
1752,sis001.com
1753,userscript.zone
1754,polygon.com
1755,dominantroute.com
1756,commbank.com.au
1757,seek.com.au
1758,hujiang.com
1759,neea.edu.cn
1760,xfreehd.com
1761,mercantilbanco.com
1762,av19.org
1763,myasiantv.cc
1764,people.com
1765,walgreens.com
1766,hk01.com
1767,stardewvalleywiki.com
1768,turbopages.org
1769,emirates.com
1770,zee5.com
1771,google.ae
1772,nairaland.com
1773,komiku.id
1774,web-hosting.com
1775,kaiserpermanente.org
1776,rsc.org
1777,google.lk
1778,pingone.com
1779,webassign.net
1780,correios.com.br
1781,mangalivre.net
1782,arcgis.com
1783,mercadolibre.com.co
1784,rtl-theme.com
1785,royalmail.com
1786,guidechem.com
1787,whu.edu.cn
1788,wikiru.jp
1789,china.com.cn
1790,indiapostgdsonline.gov.in
1791,nivod.tv
1792,gmx.net
1793,elecfans.com
1794,btbtt12.com
1795,thefappeningblog.com
1796,lanzouo.com
1797,chron.com
1798,shareasale.com
1799,pinterest.fr
1800,synchrony.com
1801,thaudray.com
1802,prts.wiki
1803,aidouer.net
1804,shopee.cn
1805,digid.nl
1806,books.com.tw
1807,vip.com
1808,top-official-app.com
1809,codecademy.com
1810,axisbank.com
1811,beeg.com
1812,yuanacg.com
1813,boc.cn
1814,character.ai
1815,baidu-int.com
1816,tass.ru
1817,collinsdictionary.com
1818,veporno.net
1819,login.gov
1820,inven.co.kr
1821,tvbs.com.tw
1822,company-information.service.gov.uk
1823,thehindu.com
1824,workplace.com
1825,deloitte.com
1826,yodobashi.com
1827,study.com
1828,dongqiudi.com
1829,lg.com
1830,smartrecruiters.com
1831,12306.cn
1832,nerdwallet.com
1833,bancodevenezuela.com
1834,pch.com
1835,digitaltrends.com
1836,seekingalpha.com
1837,pc6.com
1838,win7zhijia.cn
1839,experian.com
1840,pinggu.org
1841,shopee.sg
1842,btbtt11.com
1843,vseigru.net
1844,lavanguardia.com
1845,tubitv.com
1846,btsj6.com
1847,vultr.com
1848,cornell.edu
1849,webmota.com
1850,licindia.in
1851,104.com.tw
1852,streamcheck.link
1853,www.nhs.uk
1854,faselhd.club
1855,vsco.co
1856,jb51.cc
1857,insider.com
1858,coinpayu.com
1859,haberler.com
1860,555hd2.com
1861,agah.com
1862,dmhy.org
1863,latimes.com
1864,bihar.gov.in
1865,discogs.com
1866,free.fr
1867,softpedia.com
1868,bravetense.com
1869,startpage.com
1870,finviz.com
1871,java.com
1872,jobinja.ir
1873,mykajabi.com
1874,nbcnews.com
1875,xiaojukeji.com
1876,mail.com
1877,ckk.ai
1878,reurl.cc
1879,kabum.com.br
1880,limestart.cn
1881,techradar.com
1882,getadblock.com
1883,nordstrom.com
1884,clipchamp.com
1885,nos.nl
1886,masahub.net
1887,spring.io
1888,1password.com
1889,moviesjoy.to
1890,iporntv.net
1891,google.com.sg
1892,autotrader.co.uk
1893,tver.jp
1894,88htu.com
1895,5yju.com
1896,freedidi.com
1897,pan666.cn
1898,lego.com
1899,mk.ru
1900,oneindia.com
1901,esuteru.com
1902,opensooq.com
1903,pochta.ru
1904,drudgereport.com
1905,sbisec.co.jp
1906,ccb.com
1907,pcgamer.com
1908,12371.cn
1909,gofundme.com
1910,doyo.cn
1911,exlibrisgroup.com
1912,pelisflix2.org
1913,mirconnect.ru
1914,audible.com
1915,hentaimama.io
1916,anonfiles.com
1917,bimiacg4.net
1918,pinterest.com.mx
1919,viki.com
1920,modyolo.com
1921,ti.com
1922,rfi.fr
1923,jasper.ai
1924,cbc.ca
1925,xiaoeknow.com
1926,lephaush.net
1927,51miz.com
1928,nyu.edu
1929,xb84.cc
1930,aniworld.to
1931,codesandbox.io
1932,adpointrtb.com
1933,kanzhun.com
1934,manuscriptcentral.com
1935,ultimate-guitar.com
1936,mohrss.gov.cn
1937,larksuite.com
1938,gaymaletube.com
1939,sc.com
1940,cian.ru
1941,dagbladet.no
1942,rakuten-sec.co.jp
1943,championat.com
1944,livemint.com
1945,mamastar.jp
1946,churchofjesuschrist.org
1947,siteground.com
1948,nn.ci
1949,parspack.com
1950,yuxiweibang.com
1951,dstv.com
1952,cnipa.gov.cn
1953,h3c.com
1954,weblio.jp
1955,pximg.net
1956,sehuatang.org
1957,faloo.com
1958,bitrix24.ru
1959,po-kaki-to.com
1960,offcn.com
1961,shonenjumpplus.com
1962,klikbca.com
1963,siemens.com
1964,mcafee.com
1965,blogfa.com
1966,jisho.org
1967,luogu.com.cn
1968,freejobalert.com
1969,gate.io
1970,bamboohr.com
1971,aftonbladet.se
1972,ngui.cc
1973,index-education.net
1974,gogoanime.tel
1975,dji.com
1976,goku.to
1977,pearsoncmg.com
1978,voachinese.com
1979,paramountplus.com
1980,neilpatel.com
1981,kotak.com
1982,alfabank.ru
1983,eleme.cn
1984,myvidster.com
1985,sexbjcam.com
1986,n11.com
1987,w3.org
1988,cvs.com
1989,scotiabank.com
1990,nyaa.si
1991,design006.com
1992,1x-bet.in
1993,edx.org
1994,cbr.com
1995,wandou.pro
1996,kotaku.com
1997,truist.com
1998,zimuku.org
1999,zzzmh.cn
2000,baike.com
2001,yandex.by
2002,postimg.cc
2003,meetup.com
2004,witanime.com
2005,diagrams.net
2006,reaperscans.com
2007,best4fuck.com
2008,chewy.com
2009,klook.com
2010,3d66.com
2011,manoramaonline.com
2012,upstream.to
2013,tasnimnews.com
2014,elementor.com
2015,wordtune.com
2016,jd.hk
2017,myschoolapp.com
2018,rarbg.to
2019,todesk.com
2020,columbia.edu
2021,chrome.com
2022,news.cn
2023,noon.com
2024,qafqazinfo.az
2025,wnacg.com
2026,asus.com.cn
2027,playvalorant.com
2028,scoop.it
2029,lent.az
2030,sonyliv.com
2031,love4porn.com
2032,clarivate.com
2033,sf-converter.com
2034,rarbgmirror.org
2035,tinyurl.com
2036,awsapps.com
2037,box.net
2038,getintopc.com
2039,ginpithed.live
2040,kxting.com
2041,apkcombo.com
2042,infinitecampus.org
2043,mangalib.me
2044,rozetka.com.ua
2045,airtel.in
2046,truecaller.com
2047,si.com
2048,web.de
2049,zozo.jp
2050,adpointbreakrtb.com
2051,vseinstrumenti.ru
2052,psu.edu
2053,animedao.to
2054,lanzoul.com
2055,json.cn
2056,khabaronline.ir
2057,miwifi.com
2058,ithome.com.tw
2059,ad.nl
2060,sms-activate.org
2061,indiatoday.in
2062,bestjavporn.com
2063,italent.cn
2064,1r1g.com
2065,cults3d.com
2066,321naturelikefurfuroid.com
2067,dapenti.com
2068,citationmachine.net
2069,cmoa.jp
2070,spanishdict.com
2071,haodf.com
2072,robinhood.com
2073,aljazeera.com
2074,jbzd.com.pl
2075,cifnews.com
2076,kubernetes.io
2077,users.wix.com
2078,zodgame.xyz
2079,nudostar.com
2080,vercel.com
2081,deadline.com
2082,inutomo11.com
2083,bina.az
2084,olx.com.pk
2085,medu.ir
2086,gtmetrix.com
2087,pinterest.ca
2088,telegraph.co.uk
2089,myreadingmanga.info
2090,1mg.com
2091,nitroflare.com
2092,hentaihaven.xxx
2093,newduba.cn
2094,irna.ir
2095,zerohedge.com
2096,iherb.com
2097,theathletic.com
2098,vanguard.com
2099,drtuber.com
2100,jiandaoyun.com
2101,hatena.ne.jp
2102,illuminatelocks.com
2103,qiman58.com
2104,zxzj.pro
2105,transfermarkt.de
2106,5axxw.com
2107,my.gov.az
2108,helium10.com
2109,chinanews.com
2110,iplaysoft.com
2111,parivahan.gov.in
2112,godpvqnszo.com
2113,ku2d3a7pa8mdi.com
2114,planetminecraft.com
2115,yammer.com
2116,cyberciti.biz
2117,lloydsbank.co.uk
2118,limetorrents.lol
2119,mypikpak.com
2120,studyofnet.com
2121,che168.com
2122,bt.com
2123,xl720.com
2124,justpaste.it
2125,analvids.com
2126,walmart.com.mx
2127,hunan.gov.cn
2128,usembassy.gov
2129,kinsta.com
2130,eluniversal.com.mx
2131,mercadopago.com.br
2132,cainiao.com
2133,razer.com
2134,hao6v.tv
2135,pornhubpremium.com
2136,fullhdfilmizlesene.pw
2137,www.gob.mx
2138,realpython.com
2139,cafe24.com
2140,yadongkorea.org
2141,sapo.pt
2142,24h.com.vn
2143,linkedin.cn
2144,citilink.ru
2145,altema.jp
2146,brazzers.com
2147,auspost.com.au
2148,hkvisa.net
2149,jusbrasil.com.br
2150,trilltrill.jp
2151,clockify.me
2152,videocelebs.net
2153,torrent.org.cn
2154,madou.club
2155,zomato.com
2156,iiilab.com
2157,imagefap.com
2158,seesaawiki.jp
2159,samplicio.us
2160,bseindia.com
2161,wolframalpha.com
2162,filmweb.pl
2163,influencersgonewild.com
2164,boardgamegeek.com
2165,sme.sk
2166,buffer.com
2167,wnflb2023.com
2168,asianporn.li
2169,cardekho.com
2170,allbookdown.com
2171,adultfriendfinder.com
2172,alipansou.com
2173,foxbusiness.com
2174,keywordtool.io
2175,internshala.com
2176,hjg58.com
2177,carwale.com
2178,poringa.net
2179,express.dhl
2180,google.com.my
2181,auto.ru
2182,nalog.gov.ru
2183,faradars.org
2184,playground.ru
2185,gradescope.com
2186,variety.com
2187,opentable.com
2188,mangareader.to
2189,biomedcentral.com
2190,aliway.com
2191,alphapolis.co.jp
2192,netafraz.com
2193,prtimes.jp
2194,kookapp.cn
2195,ford.com
2196,avast.com
2197,jumia.com.ng
2198,csfd.cz
2199,nutaku.net
2200,intercom.com
2201,xda-developers.com
2202,1fuli.xyz
2203,folha.uol.com.br
2204,trulia.com
2205,soap2day.rs
2206,gigazine.net
2207,google.dz
2208,buqkrzbrucz.com
2209,hostgator.com
2210,rae.es
2211,winscp.net
2212,theync.com
2213,nndssk.com
2214,woshika.com
2215,xjishu.com
2216,thumbzilla.com
2217,goodporn.to
2218,huanqiu.com
2219,mvnrepository.com
2220,heavy-r.com
2221,digialm.com
2222,paytm.com
2223,muchong.com
2224,save-insta.com
2225,wpengine.com
2226,redd.tube
2227,lookmovie2.to
2228,xinpianchang.com
2229,blender.org
2230,123rf.com
2231,joinhandshake.com
2232,shobserver.com
2233,asahi.com
2234,mql5.com
2235,2chblog.jp
2236,yallakora.com
2237,modb.pro
2238,feng.com
2239,otzovik.com
2240,turbo.az
2241,yt1s.com
2242,yaraon-blog.com
2243,twinrdsyn.com
2244,fflogs.com
2245,square-enix.com
2246,worldstarhiphop.com
2247,superchatlive.com
2248,ultimatix.net
2249,navyfederal.org
2250,toptal.com
2251,yinfans.me
2252,ibps.in
2253,cls.cn
2254,laracasts.com
2255,codeforces.com
2256,leroymerlin.ru
2257,kmail-lists.com
2258,ilfattoquotidiano.it
2259,bbcollab.com
2260,noticias.uol.com.br
2261,mudvod.tv
2262,iltalehti.fi
2263,gizmodo.com
2264,humoruniv.com
2265,mediaset.it
2266,collider.com
2267,americanas.com.br
2268,rbcroyalbank.com
2269,umeng.com
2270,dmzj.com
2271,mehrnews.com
2272,appinn.com
2273,psychologytoday.com
2274,forprimeapeon.com
2275,videosection.com
2276,hdporncomics.com
2277,musavat.com
2278,blackbaud.com
2279,poste.it
2280,archdaily.com
2281,voot.com
2282,exeo.app
2283,santander.co.uk
2284,thetrainline.com
2285,nobitex.ir
2286,goindigo.in
2287,youxiaohou.com
2288,texas.gov
2289,jianshu.io
2290,elastic.co
2291,zjzwfw.gov.cn
2292,property24.com
2293,shop.app
2294,obsproject.com
2295,sakura.ne.jp
2296,politico.com
2297,dirtyship.com
2298,garant.ru
2299,hotpepper.jp
2300,britishairways.com
2301,paylocity.com
2302,frontlineeducation.com
2303,flysheep6.com
2304,utoronto.ca
2305,sky.it
2306,streamtape.to
2307,mbalib.com
2308,webvenadvdesign.com
2309,farfetch.com
2310,emag.ro
2311,didichuxing.com
2312,downyi.com
2313,mangago.me
2314,nbcsports.com
2315,piaohua.com
2316,kugou.com
2317,wappalyzer.com
2318,mlb.com
2319,jio.com
2320,ibomma.cx
2321,ccgg1.com
2322,playvids.com
2323,builtwith.com
2324,acwing.com
2325,extfans.com
2326,51credit.com
2327,mangapark.net
2328,thesimsresource.com
2329,turkishairlines.com
2330,mangafreak.net
2331,lgyy.cc
2332,advatravel.com
2333,getfireshot.com
2334,pinterest.co.kr
2335,elconfidencial.com
2336,cuevana3.ch
2337,xjtu.edu.cn
2338,etoland.co.kr
2339,pirate-bays.net
2340,banesconline.com
2341,umn.edu
2342,citibankonline.com
2343,gutefrage.net
2344,duote.com
2345,maturetube.com
2346,699pic.com
2347,worldstar.com
2348,brainly.in
2349,mui.com
2350,bitmart.com
2351,samsclub.com
2352,webhd.cc
2353,dexerto.com
2354,theweathernetwork.com
2355,google.com.ph
2356,glosbe.com
2357,flutter.dev
2358,myfitnesspal.com
2359,wordhippo.com
2360,avsee.in
2361,mini4k.com
2362,thoughgaffer.uno
2363,cbsnews.com
2364,gamerch.com
2365,acs.org
2366,bleacherreport.com
2367,protothema.gr
2368,elcomercio.pe
2369,hotels.com
2370,biglobe.ne.jp
2371,baozimh.com
2372,boredpanda.com
2373,aadika.xyz
2374,newsweek.com
2375,i-ready.com
2376,88hd.com
2377,ekangw.net
2378,voflix.com
2379,o2.pl
2380,azlyrics.com
2381,talent.com
2382,lx100.vip
2383,52poke.com
2384,555dd10.com
2385,ncctvgroup.com
2386,leo.org
2387,yiche.com
2388,nsdl.com
2389,corporatefinanceinstitute.com
2390,schoology.com
2391,goftino.com
2392,porntn.com
2393,javlibrary.com
2394,nurxxx.mobi
2395,thothub.to
2396,blockadsnot.com
2397,fetlife.com
2398,jooble.org
2399,alibaba.ir
2400,aljazeera.net
2401,itainews.com
2402,furaffinity.net
2403,thinkific.com
2404,movies-watch.com.pk
2405,seu.edu.cn
2406,online-video-cutter.com
2407,aajtak.in
2408,orcid.org
2409,namesilo.com
2410,desire2learn.com
2411,zhuaidei.com
2412,doubanio.com
2413,ifixit.com
2414,bt.cn
2415,usvisa-info.com
2416,tradeinn.com
2417,zeit.de
2418,ko-fi.com
2419,bejson.com
2420,oreilly.com
2421,engadget.com
2422,addthis.com
2423,16personalities.com
2424,panopto.com
2425,worldbank.org
2426,bkqs.com.cn
2427,snaptik.app
2428,bhaskar.com
2429,vfsglobal.com
2430,kmplayer.com
2431,versus.com
2432,szlcsc.com
2433,yr.no
2434,mailerlite.com
2435,leigod.com
2436,downcc.com
2437,gap.com
2438,logi.com
2439,family-simulators.io
2440,81.cn
2441,volcengine.com
2442,xiaoe-tech.com
2443,telegraaf.nl
2444,vgmlinks.fun
2445,2046acg.com
2446,manyvids.com
2447,vxxx.com
2448,wiki.gg
2449,ruankao.org.cn
2450,hbsrsksy.cn
2451,dydytt.net
2452,solemik.com
2453,gotowebinar.com
2454,bt1207ka.top
2455,ishuquge.org
2456,gdzwfw.gov.cn
2457,lingxing.com
2458,wetter.com
2459,sapsf.com
2460,ksu.edu.sa
2461,ycpai.cn
2462,ucloud.cn
2463,mercadolivre.com
2464,ouest-france.fr
2465,ntdm8.com
2466,rocketreach.co
2467,fool.com
2468,logitech.com
2469,zhiye.com
2470,yaplakal.com
2471,pydata.org
2472,tvn24.pl
2473,distrokid.com
2474,cgpeers.to
2475,whois.com
2476,luxuretv.com
2477,rakuten-card.co.jp
2478,wish.com
2479,worldofwarcraft.com
2480,pajak.go.id
2481,bama.ir
2482,animesonline.cc
2483,ancestry.com
2484,convertkit.com
2485,hitmotop.com
2486,site.com
2487,rainberrytv.com
2488,sports.ru
2489,csod.com
2490,workable.com
2491,capitaloneshopping.com
2492,yahoo.com.tw
2493,systeme.io
2494,edgenuity.com
2495,cars.com
2496,dnb.com
2497,acm.org
2498,adda247.com
2499,abola.pt
2500,51test.net
2501,huorong.cn
2502,oclc.org
2503,fourpetal.com
2504,gazzetta.gr
2505,up.gov.in
2506,tstdoors.com
2507,tjupt.org
2508,tongtool.com
2509,ap.gov.in
2510,zxzj.org
2511,dataaps.com
2512,tubegalore.com
2513,laroza.one
2514,argentina.gob.ar
2515,daraz.com.bd
2516,ypojie.com
2517,xing.com
2518,scopus.com
2519,flowus.cn
2520,yingjiesheng.com
2521,top.gg
2522,epolice.ir
2523,nhl.com
2524,kissasian.li
2525,superlib.net
2526,frame.io
2527,gametu.net
2528,tcgplayer.com
2529,hgtv.com
2530,ssaa.ir
2531,hstgr.io
2532,bfmtv.com
2533,loupan.com
2534,69shu.com
2535,creativefabrica.com
2536,laravel.com
2537,24kdh.cn
2538,file-upload.com
2539,novelpia.com
2540,rytr.me
2541,dhgate.com
2542,sdamgia.ru
2543,google.nl
2544,index.hu
2545,akamai-cdn-content.com
2546,canva.cn
2547,mgid.com
2548,abc.es
2549,cooboys.com
2550,nanjing.gov.cn
2551,bootcss.com
2552,theepochtimes.com
2553,549.tv
2554,miit.gov.cn
2555,oxfordlearnersdictionaries.com
2556,epochtimes.com
2557,bazos.sk
2558,huke88.com
2559,onetouch17.info
2560,is.fi
2561,yy.com
2562,gaytor.rent
2563,moe.gov.cn
2564,kongzhong.com
2565,umamusume.net
2566,iguopin.com
2567,litres.ru
2568,dynamics.com
2569,breitbart.com
2570,sosial.gov.az
2571,redircdn.com
2572,successfactors.eu
2573,cnr.cn
2574,book123.info
2575,onlydwy.com
2576,somode.com
2577,amarujala.com
2578,betano.com
2579,lightinthebox.com
2580,google.gr
2581,nic.ir
2582,tmon.co.kr
2583,geogebra.org
2584,spiceworks.com
2585,wapbold.com
2586,kongfz.com
2587,history.com
2588,bulbagarden.net
2589,padlet.com
2590,namava.ir
2591,xxupdatemovies.com
2592,rollingstone.com
2593,meipian.cn
2594,phb123.com
2595,wordstream.com
2596,google.ro
2597,cmu.edu
2598,cq.gov.cn
2599,tomsguide.com
2600,juren.tv
2601,ensonhaber.com
2602,getpostman.com
2603,wibmo.com
2604,mercadopago.com.ar
2605,cumgadbpovr.com
2606,domclick.ru
2607,te.eg
2608,hindawi.com
2609,arabseed.ink
2610,ebscohost.com
2611,hdporn92.com
2612,hdhub4u.team
2613,adtng.com
2614,checkout.com
2615,mastercard.com
2616,pianyuan.org
2617,otakudesu.asia
2618,ekstrabladet.dk
2619,ihq431.com
2620,dict.cn
2621,thebrightbeacon.com
2622,nyc.gov
2623,bad.news
2624,sbdm6.com
2625,banggood.com
2626,hentaifox.com
2627,tv2.dk
2628,d1xz.net
2629,familysearch.org
2630,hometax.go.kr
2631,expressvpn.com
2632,cyberleninka.ru
2633,de56.com
2634,tutsplus.com
2635,faucetpay.io
2636,barnesandnoble.com
2637,youth.cn
2638,chuangkit.com
2639,fcwei.com
2640,argos.co.uk
2641,rt.ru
2642,bunshun.jp
2643,hundredscultureenjoyed.com
2644,tesco.com
2645,lotteon.com
2646,fda.gov
2647,smotrim.ru
2648,a9vg.com
2649,yomiuri.co.jp
2650,sbermegamarket.ru
2651,malavida.com
2652,hpe.com
2653,bom.gov.au
2654,utexas.edu
2655,walla.co.il
2656,g2afse.com
2657,1905.com
2658,saramin.co.kr
2659,blibli.com
2660,techtudo.com.br
2661,wal-mart.com
2662,monsnode.com
2663,nbd.com.cn
2664,dantri.com.vn
2665,medlineplus.gov
2666,yutu.cn
2667,flixtor.to
2668,stfly.me
2669,thothub.lol
2670,sanguosha.com
2671,gogoanimes.org
2672,mako.co.il
2673,wpbeginner.com
2674,wordwall.net
2675,kanxue.com
2676,exdynsrv.com
2677,sporcle.com
2678,yebaike.com
2679,sephora.com
2680,banamex.com
2681,woocommerce.com
2682,appmedia.jp
2683,bugutv.net
2684,zbj.com
2685,dygod.net
2686,maharashtra.gov.in
2687,onecommerce.io
2688,unacademy.com
2689,the-sun.com
2690,pmkisan.gov.in
2691,zhiso.top
2692,jin10.com
2693,www.gob.pe
2694,fosshub.com
2695,zhimg.com
2696,3h3.com
2697,cninfo.com.cn
2698,hotjar.com
2699,ssl-images-amazon.com
2700,pandora.com
2701,mokahr.com
