colors,raw_text
"[Rgb(r=253, g=252, b=251), Rgb(r=30, g=25, b=18), Rgb(r=118, g=98, b=83), Rgb(r=177, g=156, b=128), Rgb(r=17, g=22, b=19), Rgb(r=15, g=22, b=35), Rgb(r=204, g=226, b=233), Rgb(r=80, g=96, b=118)]","= GXVoulube Search Q & i  @ Signin

All News Live Music Gaming Bossa Nova Chill-out music Comedy Deep House Game shows Basketball >

© YouTube Premium
Students only: Save on ad-
free YouTube"
"[Rgb(r=254, g=254, b=254), Rgb(r=84, g=108, b=233), Rgb(r=35, g=35, b=35), Rgb(r=168, g=62, b=52), Rgb(r=179, g=152, b=138), Rgb(r=43, g=50, b=216), Rgb(r=222, g=225, b=238), Rgb(r=139, g=149, b=189)]","ani)

hao123

BLES!

WANE

mi BH MR BB RE

BEY > ORK
SEMA 3 MWERLNDABHE ZS

1 SiRF: RNBBWARBAREZL 4 ‘SBS: SHEA —-MARR

2 BRVMISHRORSA RTECS 5 RSPR RIHAES RTS"
"[Rgb(r=253, g=252, b=252), Rgb(r=239, g=240, b=241), Rgb(r=40, g=23, b=13), Rgb(r=115, g=86, b=70), Rgb(r=94, g=91, b=93), Rgb(r=185, g=158, b=140), Rgb(r=24, g=28, b=37), Rgb(r=145, g=158, b=174)]","Sn Se Ae eed SAW BH RE O TRSPH @

Lilibili @

© = Bl el Be ahi RE #2 5B 1K A zR Bet Pay w tehD
es Ae oe Mel @RA eH aR we #05R AR BSy OSE ORS ow HBA

(103.1% (=) 204

VR... RAS Fue! (ESR) xTREMEAR,
RTA MTB A—REAERR...
(@)-/J\D-biu - 3-6 WARE - 3-11

=H), (2S 1thk"
