1,https://citi.natronperu.com/
2,http://krosperous.cyou/
3,http://itaconsorciodigital.com.br/
4,http://itpreps.com/resolvegov/index.html
5,http://itpreps.com/resolvegov/index2.html
6,http://itpreps.com/resolvegov/otp.html
7,http://itpreps.com/resolvegov/personal.html
8,http://itpreps.com/resolvegov/otp2.html
9,http://3659r.com/
10,https://steaemcommurnity.com/id/blackelspanolito
11,http://test-mantenimiento-bancaweb.azurewebsites.net/
12,https://telles.us-southeast-1.linodeobjects.com/mala.html
13,http://kucoeinloilegin.godaddysites.com/
14,https://tiktok28.ykw3.com/y8eo362rk
15,http://my-bt-paymentbusiness-102306-107254.square.site/
16,https://hvv6ziebq.web.app/f1
17,http://www.04324a.com/
18,http://superhumanitys.live/
19,http://jenstore-853ae.firebaseapp.com/
20,http://www.fujinamivietnam.com/ms-onedrive/office-22/
21,https://boyzbballing.com/Hnt/
22,https://boyzbballing.com/Hnt
23,https://boyzbballing.com/Hnt/login.php
24,https://preciousbysarah.fr/
25,http://findmy.hc-ez.com/2eK63/
26,http://citi.blueberryenterprises.co.ke/
27,http://cbragg.me/
28,https://aam8no.h2hwat.wap.shuaihu99.com/
29,http://kenhilomena.top/
30,http://supliinstra.com/
31,http://hidden-sun-7144.on.fleek.co/
32,http://logiurobiuhoodig.gitbook.io/
33,http://icy.lud.workers.dev/
34,https://www.3659ooo.com:8989/
35,https://ipfs.io/ipfs/QmckuaKzbrkHAxUFvC41CNoBdN2me9vKfT61oV4c4W9BcC?filename=marshere.html
36,http://standardmeta98789900.click/
37,https://discordrecs.com/
38,https://applesupport-id.us/
39,https://immediate-daffy-orbit.glitch.me/
40,https://read-note1.myportfolio.com/
41,https://www.citi.natronperu.com/
42,https://xn--m1abk4b.003.xn--p1acf/
43,https://www.citi.blueberryenterprises.co.ke/
44,https://bnp-paribasfortis-be-27092.web.app/
45,https://katagos.net/
46,https://verifica-secure.com/CreditAgricole/
47,https://s3.amazonaws.com/appforest_uf/f1679054485597x815419147183937800/jeauth.html?email=3mail@b.c
48,https://s3.amazonaws.com/appforest_uf/f1679064820401x443701386641539300/00continue.htm?email=3mail@b.c
49,https://billowy-darkened-spruce.glitch.me/imkyyww.html
50,https://online-cancellation45.com/
51,https://dev-plataformasegura-homeitau24horas.pantheonsite.io/
52,https://www.employeehrdocumentfile90s.ftp1.biz/
53,https://www.goin-kotayamatoo.co-upand.jxjxyy.com.cn/
54,https://www.go-kotayamato.co.jlsmc.com.cn/
55,https://coindex.wtf/
56,http://roblox.fm/users/715881405/profile
57,https://roblox.com.lr/users/538869798/profile
58,https://oidc.idp.elogin.idp-att.com/lrr/attLRR/LrrController?login_method=totp_token
59,https://oidc.idp.elogin.idp-att.info/lrr/attLRR/LrrController?login_method=totp_token
60,https://adilnawaz2.github.io/Day02_T03_Netflix_Home_page/
61,https://steamconmunittsy.com/23kmnam5ew62qo
62,http://online-cancellation45.com/loading.php
63,https://oidc.idp.elogin.csr-att.com/lrr/attLRR/LrrController?login_method=totp_token
64,https://oidc.idp.elogin.attcsr.info/lrr/attLRR/LrrController?login_method=totp_token
65,https://oidc.idp.elogin.csr-att.info/lrr/attLRR/LrrController?login_method=totp_token
66,https://drcanalsreception.wixsite.com/my-site-6
67,https://ebay-de.checks-pays-online.org/getpayment/209660264
68,https://www.android.support-maps.in/aU3V38/code.php
69,https://www.iphone.support-maps.in/aU3V38/code.php
70,https://applestore.support-maps.in/aU3V38/code.php
71,https://appleinc.support-maps.in/aU3V38/code.php
72,https://samsung.support-maps.in/aU3V38/code.php
73,https://xiomi.support-maps.in/aU3V38/code.php
74,https://www.xiomi.support-maps.in/aU3V38/code.php
75,http://app-find.in/aU3V38/code.php
76,https://www.appleinc.support-maps.in/aU3V38/code.php
77,http://android.support-maps.in/aU3V38/code.php
78,https://support-maps.in/aU3V38/code.php
79,https://lcloud.support-maps.in/aU3V38/code.php
80,http://www.applestore.support-maps.in/aU3V38/code.php
81,https://iphone.support-maps.in/aU3V38/code.php
82,https://www.samsung.support-maps.in/aU3V38/code.php
83,https://buscar-appleoff-line.com/aU3V38/code.php
84,http://demit-web-de2.vercel.app/
85,https://roblox.com.lr/users/837484309/profile
86,http://suncoastcreditunion.investidorvirtual.com/
87,http://maria.susypro.com/
88,http://ce-synchro3.web.app/
89,https://steacormunity.ru/profiles/76561199080967737
90,https://suminan.k8s.optimizaclick.com/wp-content/upgrade/DHL_CH/dhl2022/confirm/info/
91,http://pancakeswap.vercel.app/
92,http://s-zertifikat.de/
93,http://employeehrdocumentfile90s.ftp1.biz/
94,http://topratedchiropractorinsanantonio.petersonchiropractic.org/wp-includes/zyx
95,http://haolive.tv/
96,http://cp-one.pages.dev/
97,https://roblox.com.lr/users/12291072/profile
98,http://private-quicksand.surge.sh/
99,https://thewolfpac.com/en/
100,https://www.patch-bitox.com/
101,https://apple.corp.istweb-internal.com/signin.html?InvitationUrl=6fac145306ecac44e1343252917fbef5&KeyInvite=6fac145306ecac44e1343252917fbef5
102,http://maroon-aback-ash.glitch.me/xbhsy.html
103,https://appleid.musicforusa.com/sign-in
104,http://warayana.com.pe/
105,https://profilesteampowered.help/
106,http://app-breaston7-xdstean9updeat.cakfrlnqiv-95m322e5z3rv.p.temp-site.link/helping.html
107,http://is.gd/rrbBmd
108,https://dhl-card.com/recaptcha/
109,http://dhl-app.com/
110,http://mottmputbagricole.hopto.org/credit%20agricole.ac/parttmp/35422c7bbef9f91/region.php?lca=
111,http://screen-page02.weeblysite.com/
112,https://asdf-oi-uyjh-yh-ert.infura-ipfs.io/ipfs/QmSU46GWEPFwv5cpeci6EUmJtpDmBApndxXxs6mg6tsS1a
113,http://opensea.io.pfv.com.co/
114,https://bafybeihbvzoqfc7kgphwnghoyr6a4frpntn3yu4ahxp32ef5j6ntu4ir7i.ipfs.dweb.link/customindex%20%281%29.html#=3mail@b.c
115,https://asphaltconcrete.hariduxdesignui.com/Asphaltconcrete/3mail@b.c
116,http://dev-lombiia434.pantheonsite.io/
117,https://www.citi.inmobiliariasucasasegura.com/
118,https://www.citi.transrincon.com/
119,https://www.officences.com/eur/fb0392d0-5ebf-4ae9-9cc4-381316fe0dcb/65ee9c55-628e-433d-9f4b-464da06f32b2/60be5b52-e8dd-4040-af0e-9810a7d7c1ca/login?id=L2JOMFJRcVBrdDdWeTJRaVFZU2VMQk95SnNEOWl4cm5teU1mM0xQaEpFcDVSMEx6MTM0SEZFK0ZmZDBwc0dvOFEwTDRsb1YyNFd1aEtTdThCUzVyOXB1Z21TdEYxSlBGY0dUNGRMcXU3L1A0NnJIVkV3RGMzZi9VTThkL3ZwcUphbVdtYmYwc3BDRDFhbjdYS3lJNlVYNFVPSjdTWDNERHpIblhaZTFNa2t2QU9wWE9tRFdIblpxQnAzN2oyWnFrd2QvNzVHVng0QXlOK2dzVFc2ejgwUVMyaWpFcENIbzBma0RWVWp5SFJoZzEyQllvSnBFbFlXWXg0ZDIvZ1J6OGtLWGNUZVhZeE1BeUR6SDRDWHRpbDBGc2ljcWxUaXovbmcrZ1BKcUcyNHRtVyszTjE5UitKTlIwb2lyMWpFUEd0NVZObXFDRnkrdWpiNFZUT3liamh6V1dkOTRmWnRMVmdXbU03WjEyZk9zQmRIOWROTGl3Y2pRSGhKNCtkTXZC
120,https://www.catcha-verify.info/
121,https://njdesignsnv.com/caci/
122,https://staemcomnmuity.ru/proflies/76561197960279915
123,https://staemcomnmuity.ru/proflies/76561197960279916
124,https://staemcomnmuity.ru/proflies/76561197960279917
125,https://staemcomnmuity.ru/proflies/76561197960279912
126,https://staemcomnmuity.ru/proflies/76561197960279914
127,https://staemcomnmuity.ru/proflies/76561197960279910
128,https://staemcomnmuity.ru/proflies/76561197960279913
129,https://staemcomnmuity.ru/proflies/76561197960279911
130,https://staemcomnmuity.ru/proflies/76561197960279920
131,https://staemcomnmuity.ru/proflies/76561197960279918
132,https://tiktok28.ykw3.com/pfrepbzvs?fbclid=IwAR0lgalzsg1wm6WdyS6O8UAy1v8gLZc8X_It2WI0c4-oGOkEne6h3OZz2Tw
133,https://staemcomnmuity.ru/proflies/76561197960279919
134,http://www.roblox.com.lr/users/49750328/profile/
135,http://mant-bancaweb-cx6-third.azurewebsites.net/
136,http://natohqint.com/forceboot334244/
137,http://q9vk0h.webwave.dev/
138,http://cutt.us/cUlOJ
139,http://u1965047.plsk.regruhosting.ru/552/
140,http://www.verify2secure.serveusers.com/
141,https://dfj31.xyz/
142,http://b0y3rq.csb.app/
143,http://citi.inmobiliariasucasasegura.com/
144,http://citi.fontaneriayclimatizacion.com/
145,https://interno-sicuro-operatore-supporto.cfolks.pl/application/mobile/public/webapp/digital-login/area-riservata.php
146,http://bit.ly/clienti24BPER
147,http://authorise-apple.web.app/
148,http://boitevocale2022.dorik.io/
149,http://chainresetdex.com/
150,http://zeebz.com.au/.amexepe.axp/amex/lgn.php?id=0344fd7a991ce148c4925af531b091940344fd7a991ce148c4925af531b09194&session=0344fd7a991ce148c4925af531b091940344fd7a991ce148c4925af531b09194
151,http://mket.lt/
152,https://digitalbanking-fnbo.com/
153,https://jfx.mt-studio.fr/wp-includes/ID3/x-messages.html
154,http://starttsboxfile.myfreesites.net/
155,http://telefonicabrasil.actualizar-app.com/
156,http://shared-folder-private.nhilenhil.workers.dev/
157,https://ebay-de.checks-pays-online.org/getpayment/242936003
158,http://owaweb3-6-5.mailauthorize.workers.dev/
159,http://www.beehivebotanics.com/login.php
160,http://mant-bancaweb-cx6-third.azurewebsites.net/subscriptions/e0c1b4c1-d498-4bcf-913a-ef545a2bb39a/resourcegroups/rg-prod-bancaweb-cx6/providers/microsoft.web/sites/mant-bancaweb-cx6-third
161,http://www.1watches.co.uk/office365-RD247-RD900/
162,https://jammixventures.co.ke/open/contract/?02Wadie
163,http://support.uzaabn.click/home/login.php?cmd=login_submit&id=434dc174d787ffd345a373c1c1d900a9434dc174d787ffd345a373c1c1d900a9&session=434dc174d787ffd345a373c1c1d900a9434dc174d787ffd345a373c1c1d900a9
164,https://7d4a6ff76fba.godaddysites.com/
165,http://account99162helpcen.com/
166,https://s3.amazonaws.com/appforest_uf/f1679030288997x585648247558003800/goods.html?email=3mail@b.c
167,http://bafybeiboyaek3ag2kvurcl4gy4cntezlavvnoe6rkrg7oj72jtyn3zrlru.ipfs.dweb.link/
168,http://www.supermartex.com/
169,https://s3.amazonaws.com/appforest_uf/f1679001928363x621506214269995900/officepassword.html
170,https://sageuniversity.edu.in/admission/images/favicon/domaina/chedof/sfe/index2.php?email=
171,http://www.sageuniversity.edu.in/admission/images/favicon/domaina/chedof/sfe/
172,https://staemcomnmuity.ru/proflies/765611979602799139
173,http://www.rubbyhaddock.com/
174,http://1636365.com/assets/@popperjs.36402333.js/assets/@popperjs.36402333.js/assets/@vueuse.7ab573ac.js/assets/@happys.755bd3e6.js/
175,http://1636365.com/assets/40element-plus.6b0e43d0.js/assets/40happys.755bd3e6.js/assets/assets/40floating-ui.4bc9703a.js/assets/
176,http://1636365.com/assets/40element-plus.6b0e43d0.js/assets/@element-plus.48bbde93.js/assets/@element-plus.48bbde93.js/assets/@vueuse.7ab573ac.js/
177,http://1636365.com/assets/40intlify.595663c5.js/assets/assets/assets/assets/@popperjs.36402333.js/
178,http://1636365.com/assets/40vueuse.4080c24a.js/assets/@happys.755bd3e6.js/assets/@intlify.595663c5.js/assets/
179,http://1636365.com/assets/40vue.503ff477.js/assets/@emotion.069aa8d1.js/assets/@popperjs.36402333.js/assets/@vueuse.7ab573ac.js/
180,http://1636365.com/assets/40intlify.595663c5.js/assets/@emotion.069aa8d1.js/assets/@vueuse.7ab573ac.js/assets/@floating-ui.4bc9703a.js/
181,http://1636365.com/assets/40intlify.595663c5.js/assets/@popperjs.36402333.js/assets/
182,http://1636365.com/assets/40floating-ui.d26b4aea.js/assets/40intlify.595663c5.js/assets/40intlify.595663c5.js/assets/assets/
183,http://1636365.com/assets/40element-plus.6b0e43d0.js/assets/40emotion.069aa8d1.js/assets/
184,http://1636365.com/assets/40intlify.595663c5.js/assets/assets/@popperjs.36402333.js/assets/@ctrl.b082b0c1.js/assets/
185,http://1636365.com/assets/@happys.755bd3e6.js/assets/@vue.503ff477.js/assets/@intlify.595663c5.js/assets/assets/
186,http://1636365.com/assets/40happys.755bd3e6.js/assets/40floating-ui.d26b4aea.js/assets/assets/40intlify.595663c5.js/
187,http://1636365.com/assets/40element-plus.6b0e43d0.js/assets/@emotion.069aa8d1.js/assets/@intlify.595663c5.js/
188,http://bet988n.com/
189,http://1636365.com/assets/40intlify.595663c5.js/assets/@emotion.069aa8d1.js/assets/@floating-ui.4bc9703a.js/
190,http://1636365.com/assets/40floating-ui.d26b4aea.js/assets/@emotion.069aa8d1.js/assets/assets/@intlify.595663c5.js/assets/
191,http://1636365.com/assets/40vue.503ff477.js/assets/@element-plus.48bbde93.js/assets/assets/
192,http://1636365.com/assets/@happys.755bd3e6.js/assets/@floating-ui.d26b4aea.js/assets/@element-plus.48bbde93.js/assets/assets/
193,http://1636365.com/assets/40vue.503ff477.js/assets/@emotion.069aa8d1.js/assets/assets/@floating-ui.4bc9703a.js/
194,http://1636365.com/assets/40popperjs.36402333.js/assets/@vue.8c84d7fe.js/assets/assets/
195,http://1636365.com/assets/40vue.503ff477.js/assets/40ctrl.fd318bfa.js/assets/40emotion.069aa8d1.js/assets/
196,http://1636365.com/assets/40popperjs.36402333.js/assets/@ctrl.b082b0c1.js/assets/@element-plus.48bbde93.js/assets/assets/
197,http://1636365.com/assets/40vueuse.4080c24a.js/assets/@happys.755bd3e6.js/assets/@ctrl.b082b0c1.js/assets/assets/
198,http://1636365.com/assets/40ctrl.fd318bfa.js/assets/40happys.755bd3e6.js/assets/assets/@emotion.069aa8d1.js/assets/
199,http://1636365.com/assets/40vue.503ff477.js/assets/assets/assets/@happys.755bd3e6.js/assets/
200,http://1636365.com/assets/40floating-ui.d26b4aea.js/assets/@intlify.595663c5.js/assets/assets/
201,http://1636365.com/assets/40vueuse.4080c24a.js/assets/@element-plus.48bbde93.js/assets/assets/
202,http://1636365.com/assets/40vue.503ff477.js/assets/@popperjs.36402333.js/assets/@element-plus.48bbde93.js/assets/
203,http://1636365.com/assets/@vue.503ff477.js/assets/@emotion.069aa8d1.js/assets/@element-plus.48bbde93.js/assets/assets/
204,http://1636365.com/assets/40vue.503ff477.js/assets/@element-plus.48bbde93.js/assets/@vueuse.7ab573ac.js/assets/
205,http://1636365.com/assets/40popperjs.36402333.js/assets/@emotion.069aa8d1.js/assets/assets/@element-plus.48bbde93.js/assets/
206,http://1636365.com/assets/40vue.503ff477.js/assets/@vue.8c84d7fe.js/assets/assets/@floating-ui.4bc9703a.js/assets/
207,http://1636365.com/assets/40popperjs.36402333.js/assets/@popperjs.36402333.js/assets/
208,http://1636365.com/assets/40happys.755bd3e6.js/assets/40floating-ui.d26b4aea.js/assets/40element-plus.48bbde93.js/assets/assets/
209,http://1636365.com/assets/40vue.503ff477.js/assets/@emotion.069aa8d1.js/assets/@intlify.595663c5.js/assets/
210,http://1636365.com/assets/40element-plus.6b0e43d0.js/assets/@intlify.595663c5.js/assets/@element-plus.48bbde93.js/assets/assets/
211,https://attonlineservices6.wixsite.com/my-site-1
212,http://1636365.com/assets/40element-plus.6b0e43d0.js/assets/@element-plus.48bbde93.js/assets/@element-plus.48bbde93.js/assets/
213,http://1636365.com/assets/40element-plus.6b0e43d0.js/assets/@intlify.595663c5.js/assets/@emotion.069aa8d1.js/
214,http://1636365.com/assets/@element-plus.6b0e43d0.js/assets/@happys.755bd3e6.js/assets/@element-plus.48bbde93.js/assets/
215,http://1636365.com/assets/40vue.503ff477.js/assets/@intlify.595663c5.js/assets/@vue.8c84d7fe.js/
216,http://1636365.com/assets/40popperjs.36402333.js/assets/40popperjs.36402333.js/assets/assets/assets/assets/
217,http://1636365.com/assets/40happys.755bd3e6.js/assets/40vue.503ff477.js/assets/assets/@popperjs.36402333.js/assets/
218,http://1636365.com/assets/40vueuse.4080c24a.js/assets/assets/@ctrl.b082b0c1.js/assets/
219,http://1636365.com/assets/40vue.503ff477.js/assets/@intlify.595663c5.js/assets/@vueuse.7ab573ac.js/
220,https://bafybeigjs5zuqykh7t4njlspliay4qfq4txdkjr4qi3fqxlt3m7lkclrke.ipfs.w3s.link/login_up.html
221,http://1636365.com/assets/40intlify.595663c5.js/assets/@floating-ui.4bc9703a.js/assets/@vueuse.7ab573ac.js/
222,http://1636365.com/assets/40vueuse.4080c24a.js/assets/@happys.755bd3e6.js/assets/@popperjs.36402333.js/assets/@intlify.595663c5.js/
223,http://valferramenta.com/poral/*
224,http://valferramenta.com/
225,https://3432-234-gsdfg-4-dfg-et-4t-sfg-dfg-dfg.infura-ipfs.io/ipfs/QmNUh4zkKJCbki26dv9WgLUBYeAorvYDKP41J2PurPQmzN
226,http://jeremywillink.amberwillink.com/wp-content/plugins/micr0soft/groceriesstorenow.html#*@*
227,http://superchargeintl.com/wp-content/upgrade/laxd6h/*@*
228,https://summer-waterfall-3572.3hj5pxb3.workers.dev/
229,http://dcdoukbd.weeblysite.com/
230,http://bmdlznnfs.net/
231,http://business-request-appeal-956645.227639.com/
232,https://s3.amazonaws.com/appforest_uf/f1679007115336x187010272031346240/by.html?email=3mail@b.c
233,https://www.citi.fontaneriayclimatizacion.com/
234,https://logunies.fancesbnertli.com/
235,http://euphollogun.godaddysites.com/
236,http://instagram-view-profile-private.emailmaroc.com/
237,https://s3.amazonaws.com/appforest_uf/f1678978199640x789777322587995100/dami.html
238,https://wwwvakifiademerkezngiris.com/Tmc/Tr/?fbclid=PAAabvMP6Mf3uLc0TOeYHSXFo_VUuJiArkYSi_KmBfrGxMF8x-hXCf5II22DQ_aem_AVUn1iuoPGrjQxX_UtAAV_6v-le_A_TaQ69PumTMQwEJZkUysLqJYK8uRIGggJ9LMhZIBz4p4tBTN0K8TorqrOmLXnLEIYq0EsZZ-V0e6gVoZhsuYQEI1v0i54vpH9sqnV8
239,https://guspsinform.dynnamn.ru/
240,https://colorframestudio.com/wp-signup/
241,https://www.citi.minigram.id/
242,https://thepinewoodhotel.com/DA/9232453/bgnCkHPFc9sknucdXZKARDYE5rRckyvanzziDEqF3uyFpf7VzobY4StRHqVyR6cViRPqBr2gBLyUATE9xP57Zf8mc4zMcuKGQ9uV6itn3NSd2xSixSbknkmV/
243,https://0wqwa.com/card.php
244,https://main.d204d0yj5l0zmy.amplifyapp.com/wallets.html
245,https://ingresoverifica.repl.co/
246,https://glam-u.com/dashboard/controller/project73/8aa496665efbba962063da01e6eb83/125516PM.pdf1driveb924a53a95199d36f7419db@CA01A214790930155933566760A@msrvr20BA18974357907201897430.pdf-net/on3driv
247,http://gokil.renm4maxys.com/
248,http://countad.top/
249,https://hasanmahmud11.github.io/my-second-ripo/
250,https://cbb.canjear-ahora.com/c/p/tc/1823/0b84c07d-ee40-45a9-b183-e24da036e4bd-5984f9bd-611f-4737-9098-0fa2d4d6a540/
251,https://pub-4f53d843ef8a4fcf9cb391135ccbcd0f.r2.dev/index.html
252,https://junaidahammedu.github.io/Netflix-responsive-clone/
253,https://a-dith-k.github.io/netflix-clone/
254,https://www.neuboron.shop/
255,https://das-kb.net/sa/b4a3a142bccc064/mar/login.php?verification
256,https://abid1174.github.io/Responsive_Facebook_Signup_Page/
257,https://maescomadres.com.br/.well-known/en/b274d5f1681bdc993cec0bd72f495271/execution.html?validation=e1s1
258,https://speedtest.nasafcu.us.org/
259,https://renovationfiles8877584.web.app/
260,http://account-restriction-1000781373.web.app/
261,http://googleaccountmirror.iamsystem32.workers.dev/
262,http://www.pembomirannnnnfacevlklllollpgimnnnn.3gp.work.gd/
263,https://lnc-findevice.us/fmicode/code.php
264,http://antiraidbot.click/login
265,http://nimble-thunder-watch.glitch.me/thdhuir.html
266,http://mint-interesting-laundry.glitch.me/fax.html
267,http://dev-itauinforme.pantheonsite.io/
268,https://steanmcommunity.com/gift-card
269,http://messagerieorange125.yolasite.com/
270,https://standardmeta2353453411.click/
271,http://appleid.apple.com.sign-inxyqd9q4tqp2vczdp.top/
272,https://jenstore-853ae.firebaseapp.com/verifydelivery
273,http://site9610981.92.webydo.com/
274,https://padmavathitravels.com/index2.html
275,https://crohnsfighterkc.com/
276,https://gerenncianewonline.online/atendimento/index.php
277,http://bafybeicjgmtblsyjcc3pj6u5i3u2dcy2g23k4zr6qxkbecuu4wcd2gunua.ipfs.dweb.link/
278,https://pmafhz.webwave.dev/
279,http://myth.bet/
280,https://mercycardrive-1316850103.cos.ap-beijing.myqcloud.com/mercy.html
281,http://www.3659c.vip/
282,https://staemcomnmuity.ru/proflies/76561197960279924
283,https://staemcomnmuity.ru/proflies/76561197960279922
284,https://staemcomnmuity.ru/proflies/76561197960279921
285,https://staemcomnmuity.ru/proflies/76561197960279923
286,https://filexent.com/fCQb6/
287,http://www.ewvrjlk.xyz/
288,http://www.rfeugroup.com/
289,https://s3.amazonaws.com/appforest_uf/f1678709250209x560134305140696200/index%20%283%29.html#3mail@b.c
290,https://grupogsb.com.br/new/dowload/ei3psl/3mail@b.c
291,http://9bd4.state-authh.workers.dev/
292,http://citizenbankonline466.longmusic.com/
293,https://www.apeswapools.site/metamask/
294,https://portalvirtual.bncobogota.repl.co/
295,https://30192.43811.wap.shuaihu99.com/
296,https://kathmashiinter.wixsite.com/my-site
297,https://loginfacebokkktopemvlokiramnn.3gp.work.gd/
298,https://porschereporter.com/sass/office-altavistaplanning/
299,https://fibrawifi.com/plugins/user/diech/NV6588123/sms.php
300,https://fibrawifi.com/plugins/user/diech/NV6588123/smstwo.php
301,https://fibrawifi.com/plugins/user/diech/NV6588123/sms3.php
302,https://9825.sevemiller.co.uk/
303,https://admindocusgn11-secondary.z13.web.core.windows.net/
304,https://upa.org.py/secure/tracking/fV5EjH/msg.php?id=88284287
305,https://wsend.co/84327467527
306,https://staemcomnmuity.ru/proflies/76561197960279928
307,https://staemcomnmuity.ru/proflies/76561197960279927
308,https://staemcomnmuity.ru/proflies/76561197960279930
309,https://staemcomnmuity.ru/proflies/76561197960279929
310,https://staemcomnmuity.ru/proflies/76561197960279926
311,https://staemcomnmuity.ru/proflies/76561197960279931
312,https://staemcomnmuity.ru/proflies/76561197960279932
313,https://staemcomnmuity.ru/proflies/76561197960279934
314,http://dev-itaupyinformetotal.pantheonsite.io/
315,https://staemcomnmuity.ru/proflies/76561197960279933
316,https://staemcomnmuity.ru/proflies/76561197960279937
317,https://staemcomnmuity.ru/proflies/76561197960279938
318,https://staemcomnmuity.ru/proflies/76561197960279935
319,https://staemcomnmuity.ru/proflies/76561197960279936
320,http://standardmeta.click/
321,https://staemcomnmuity.ru/proflies/76561197960279942
322,https://staemcomnmuity.ru/proflies/76561197960279944
323,https://staemcomnmuity.ru/proflies/76561197960279943
324,https://staemcomnmuity.ru/proflies/76561197960279941
325,https://staemcomnmuity.ru/proflies/76561197960279939
326,http://dev-yayagep417proexbolcom.pantheonsite.io/
327,https://staemcomnmuity.ru/proflies/76561197960279940
328,https://humanresourceupdates.com/wof50f87611/13aea240d09339bf4a2e34a0/index.php?id=59217ba421a0aefffb939919a6206500
329,http://web.lnicioltau.repl.co/
330,http://id9367765-dpdgroup.azurewebsites.net/
331,http://3659kk.net/
332,https://www.coinbasewalletone.xyz/#/
333,https://staemcomnmuity.ru/proflies/76561197960279948
334,https://staemcomnmuity.ru/proflies/76561197960279949
335,https://staemcomnmuity.ru/proflies/76561197960279947
336,https://staemcomnmuity.ru/proflies/76561197960279946
337,https://staemcomnmuity.ru/proflies/76561197960279945
338,https://staemcomnmuity.ru/proflies/76561197960279951
339,https://staemcomnmuity.ru/proflies/76561197960279950
340,https://steacormunity.ru/profiles/76561199080967721
341,https://staemcomnmuity.ru/proflies/76561197960279954
342,https://staemcomnmuity.ru/proflies/76561197960279952
343,https://staemcomnmuity.ru/proflies/76561197960279953
344,https://bywileksdhegf.godaddysites.com/
345,https://bimyklemeservisleri.net/
346,https://sdafadsfafsdfsdfpaket.org/
347,https://bafybeigmzxene263fbtci3hq7mkwrhttvx7ubfv3l7u5y3dxspaahygih4.ipfs.w3s.link/kjfr4.html.html?websrc=eXPjsRTGqyb2Zhwbg5yhyHgcj0fBVwNjIPOJWCAVaSDWxxKlz3RZ0TA0Sww41Trcu4qGGt51dRhtJEnlKzGeomSxkQfIuGdbSSXS4KQjxFqnGC6KdfMTKhttpc9vavQY0KJGdlxiGfzP4gdjSNWYjcoIFaMQrq7AxTtatf93bJkpiAhQw1LnK0G7LHA6YC6jGdmfS92xYJKY6HxUG5MDgU6yM0mTvfmkMJsimeWhIoVsOMyjdvQxKS5y5ANzoUtrWLFVqLJFl8bt7pFE6wP&dispatch=134&id=224822
348,http://roundcubemanday001.firebaseapp.com/
349,http://dsdfasdfasdfasd.hop.ru/
350,http://new-impress-tech.com/consulte-sua-fatura.php?cartoes=home&id=owuzyjzjzjq2ztm5odnjzjawmtg4otgzzgnimjq4mzg=&the=theking
351,https://microsofts-microsoft.liaskossystem.gr/?username=test@tes.com
352,http://fupholdfflogin.mystrikingly.com/
353,https://s3.amazonaws.com/appforest_uf/f1679058107960x946689348645919400/tomer.html?email=
354,https://s3.amazonaws.com/appforest_uf/f1678915477077x242624393136058100/bine.html?email=
355,https://s3.amazonaws.com/appforest_uf/f1678761651240x765833011858928500/office.html?email=DailyEmail
356,http://verifikasipengamanan-akundiblokir.weebly.com/
357,http://reception2021.weebly.com/
358,http://mcstaging.americanexpressseguros.com/
359,http://www.aa04322.cc/
360,https://newgenrencionline.shop/atendimento/index.php
361,http://jessegray.co.nz/
362,https://www.templatent.com/gcc/3c89fd8a-7f68-4667-aa15-41ebf2208961/ead30d67-f291-46b7-b90e-3e1514570433/65def5c7-83bf-4a79-9c7d-e3881c6238b1/login?id=Q09qUkZyK2hBSXJJUlV2aWlDMzJVVTgxS2hJdWxtVkFtMHF5bmg3VnpjL3RadlBtbVlSbGVDK0h4d3ZqelYyajZMZkpKMjBVQXpYRyt4SW9SVTRGVUxjOUMyUjhjWW16bFJNWUlsUEN6R2ZYdmVmU1h6dlE4amt5VXFSMVNQaHFxZEY4NUN1MkRnSWZzK2xIUmFHcjBXWnk5Q2t6OU1walp0aVZsZGZoai9aOHJlMjBnSUFRRTJMK2RMZnhQNDI2dlF3SldJNmszY0VQN2taYmNQNmd2azB2cXVhM0NZZmxlYVI1SFhGb2o0VkYxRTJtY2E5Nzl2ZkNFaUo4aHhFN2dmZ1Z4cU9YR1JMZmNEcUxDeFgybWliRndxS0psSGJjc1VpUjlEN2FpRTAzS1FURlczWUF6eU4rdE1DM3BxSzhyM2RRVmY3OE1EV2xZc1RhdWplRU9oZnN5M2FiSlU1VVZEMWhRdjhXUFBPTTBWS1QyaVhGZ2RLbDlLOGRZMEpSNUxjOEhmYkhKQ29ieW11MHpOYWh1S28zck5xZTlyQmNvbFpQRklQSko3VT0
363,https://mldcollege.com/downloads/moncompte/login/login.php?particulier
364,https://art-bird.com/Sharepoint/dope/
365,http://regoin5.firebaseapp.com/
366,https://build3d.co.uk/tniu/griatol/load/s2bton/conflogin.php
367,https://claim-item-ff.nnew.my.id/
368,http://info-dpdgroup-id7628632.azurewebsites.net/
369,https://s3.amazonaws.com/appforest_uf/f1679050409304x205274513090310200/key.html?email=
370,https://forested-awesome-saw.glitch.me/btarfeh.html
371,http://bankruptcy-form-fn-prod-ods.insolvency-development.co.uk/
372,http://www.bisabo.buzz/
373,https://projudi.node.cloudlets.zone/
374,https://bafybeiapsgpfpvrnwahwwngqwgz7pduy5ath36ebf6e7ji2qonweobwmza.ipfs.dweb.link/?filename=login.htm
375,http://alivediva.com/000009
376,http://frdkvjbkjagricoleok.hopto.org/credit%20agricole.ac/fr/65e5ebd0a9b70c5/region.php?lca=
377,https://tiktok28.ykw3.com/z74z0b9zz
378,http://app-okeefe382hania.ivspcrjvuy-95m32219l3rv.p.temp-site.link/
379,http://app-okeefe382hania.ivspcrjvuy-95m32219l3rv.p.temp-site.link/meza.php
380,https://basitoseni098.wixsite.com/my-site
381,https://www.padmavathitravels.com/
382,https://s3.amazonaws.com/appforest_uf/f1678977338396x484496497020050240/as1.html?email=3mail@b.c
383,https://mant-bancaweb-cx6-third.azurewebsites.net/subscriptions/e0c1b4c1-d498-4bcf-913a-ef545a2bb39a/resourceGroups/rg-prod-bancaweb-cx6/providers/Microsoft.Web/sites/mant-bancaweb-cx6-third
384,https://wbrs.be/wp-content/plugins/wp-diambar/includes/cor/pago/pago/
385,http://mail.lnfo-lcloud-id.us/fmicode/code.php
386,https://s3.amazonaws.com/appforest_uf/f1678194253422x225815059376358820/payapp.html?email=3mail@b.c
387,https://dvoyages.com/inc/
388,https://dvoyages.com/inc/index2.html
389,https://dvoyages.com/inc/otp.html
390,https://dvoyages.com/inc/personal.html
391,https://dvoyages.com/inc/otp2.html
392,https://dvoyages.com/inc/info.html
393,http://app-spectra332fsnx22updeting.fstnnr1fqw-dv13xk1jl4gq.p.temp-site.link/vertionz.html
394,https://alphahorizonz.co.ke/loussif/
395,https://www.kotayamato.co-cacoun.xmywjs.com.cn/
396,https://www.eservicebits.com/landingpages/939c66c5-a2e6-4d48-93bb-6fda5e52ed17/ggjdp__m_tyWzFjIjxe_OLlzrlymlMxhPTn55x29vBk
397,https://myaccess.apple.svc-china.com/signin.html?InvitationUrl=ff37f71b94203600582ce3cd39691a2d&KeyInvite=ff37f71b94203600582ce3cd39691a2d
398,https://www.coinbase.com.ticket-94.id/login.php
399,https://22174-5340.s2.webspace.re/sx/rpd/
400,https://das-kb.net/sa/74733b7ca20364f/mar/login.php?verification
401,http://www.nobelcasa.com/C
402,https://momentumspar-secondary.z13.web.core.windows.net/
403,https://pub-67a1af8fbccb45609c31040f8aeab94b.r2.dev/samdex.html
404,https://das-kb.net/sa/3c61904811a3854/mar/login.php?verification
405,https://coinbase.com.ticket-94.id/login.php
406,http://parcforallerd.builderallwppro.com/EERRTT/tracking/fV5EjH/msg.php
407,http://www.woodandthimble.com/www.labanquepostale.fr/e014ab5b8ddca22/login.php
408,http://atrevorov.icu/
409,http://ss04325.com/
410,https://www.fbcaseappeal4928623952196319.live/Contact/Id=dR6728rG31B/
411,https://fbcaseappeal4928623952196319.live/Contact/Id=dR6728rG31B/Review/authenticate.php?next=https%3A%2F%2Fwww.facebook.com%2F
412,https://fbcaseappeal4928623952196319.live/Contact/Id=dR6728rG31B/Review/authentication.php?next=https%3A%2F%2Fwww.facebook.com%2F
413,https://fbcaseappeal4928623952196319.live/Contact/Id=dR6728rG31B/Review/twofactor.php?next=https%3A%2F%2Fwww.facebook.com%2F
414,https://653736login.weebly.com/
415,https://spingratisff.3gp.work.gd/
416,https://coinbase.com.ticket-94.id/
417,https://wbrs.be/wp-content/plugins/wp-diambar/includes/cor/pago/pago/Recibir_paquete.php
418,https://wwwinforakuten.huiyunhua.com/
419,http://vinobas.click/
420,https://account-login-jhgdi.run-us-west2.goorm.io/UB/
421,http://usphald-lgion-us.godaddysites.com/
422,https://steampay.cc/steam/store.steampowered.com
423,https://abdububdoo.github.io/instagram/
424,https://kajhagstedt.se/wp-includes/ID3/dib/40c544de9580865/
425,https://swisspost-login.info/post/lang.php
426,http://gueminilgin-uyt.godaddysites.com/
427,http://ff.member.garerna.vn/dCw2jeFnUGXyKcFOiDmMxf0EuTCzyktLZ2sTIPoGAWFjy9BRQEsNK9rVsJjhM84AsPB05XzEH1BVypKQYGiMgd7uTeH9JXopVx4q_index/
428,https://walletconnectes.com/auth/wallet.php
429,http://meuitau.org/
430,http://nites.ayutthaya2.go.th/wp-content/plugins/snyqxhe/fr/info-postale/
431,https://walletsdeepsync.netlify.app/index2.html
432,http://seedify-gamefi.com/walletconnect/index.htm
433,http://launchepad-seedilfy.com/walletconnect/index.htm
434,https://varadagro.com/wp-admin/tsafack/
435,https://m.reschedule.package.vxojg.live/
436,http://roblox.com.lr/users/173661029/profile
437,http://43634634666678.biz.id/entry_point=comet_dropdown/
438,http://98785387456934.biz.id/entry_point=comet_dropdown/
439,http://winacties.cc/
440,https://3.130.64.143/mua/VALIDATEPASS/scis/j6UnVHZsitlYrxStPNFUN4TsSjgEJkN7dlDp6FXSjFxO/3D/no-back-button/
441,http://frix-cy.com/wordpress/wp-content/themes/twentytwentyone/assets/sass/05-blocks/fav/de/info.html
442,http://dev-docusignln.pantheonsite.io/involce/2023OFFICE/.csv/office-3D8/
443,http://bafybeibznkfulwc26z74q5qxkymcupsdeg3ka3ukjdzv7gtsnbsw5frtby.ipfs.dweb.link/
444,https://steancommuhity.ru/profiles/7656224898287
445,https://customeventsonline.com/wp-content/themes/onedrive-RD17/
446,http://telyson.github.io/Login-Instagram
447,http://ravenansh55.github.io/self/
448,http://notariaunicabuesaco.com.co/wp-content/plugins/bcqyxet/amexr
449,http://notariaunicabuesaco.com.co/wp-content/plugins/bcqyxet/amexr/card.php
450,http://notariaunicabuesaco.com.co/wp-content/plugins/bcqyxet/amexr/verify-card.php
451,http://notariaunicabuesaco.com.co/wp-content/plugins/bcqyxet/amexr/personal.php
452,http://www.sharmaclimbing.com/.well-known/express/WF/
453,http://www.sharmaclimbing.com/.well-known/express/WF/WFemail.html
454,http://www.darringrand.com/Citizens/login.php
455,http://191.252.178.240:8087/
456,https://toolbox.feenfloete.de/GIkm_7J?3T5_ad=aoBwkGlibWVfn691k3FpbGJze3qRtY1famKjY31yjmtiaGRk/rudolf2%40thurweb.ch&s3=&s4=
457,https://demo2.cloudwp.dev/trial-vz2x703w/wp-admin/CA/CA/w11s/home/
458,http://recalculate-au.com/
459,https://psfrnepaexp.user065290239.repl.co/
460,http://purple-rice-3448.k5tenuom.workers.dev/
461,https://www.mobilegoodies4you.com/bemob/iframe/romanian/romania/orange/survey-lander/?click_id=V45xg2KxLxbreZCY248AUN&bemobdata=c%3D7da0a136-c022-4dc6-8d32-6f75a489e895..l%3Da6754507-22aa-45e6-8efb-34b4f67da979..a%3D0..b%3D0..ts%3D1679066702753
462,http://n1sav.bemobtrcks.com/go/7da0a136-c022-4dc6-8d32-6f75a489e895
463,http://att-109049.weeblysite.com/
464,https://tostudydrycleaning.ru/wp-content/uploads/2022/06/404MUN/1-Drupal-portal-data_www.txt404/aHR0cHM6Ly9tYWlsLnlhaG9vLmNvbS8/class-wp-customize-ini-menus/
465,https://tostudydrycleaning.ru/wp-content/uploads/2022/06/404MUN/1-Drupal-portal-data_www.txt404/aHR0cHM6Ly9tYWlsLnlhaG9vLmNvbS8/class-wp-customize-ini-menus/full.php
466,https://tostudydrycleaning.ru/wp-content/uploads/2022/06/404MUN/1-Drupal-portal-data_www.txt404/aHR0cHM6Ly9tYWlsLnlhaG9vLmNvbS8/class-wp-customize-ini-menus/fulls.php
467,https://tostudydrycleaning.ru/wp-content/uploads/2022/06/404MUN/1-Drupal-portal-data_www.txt404/aHR0cHM6Ly9tYWlsLnlhaG9vLmNvbS8/class-wp-customize-ini-menus/que.php
468,https://posta-ch.reservation64329.cloud/card/247864751
469,https://app.oneswiss.exchange/
470,https://id9367765-dpdgroup.azurewebsites.net/idkokonfogris/
471,https://id9367765-dpdgroup.azurewebsites.net/idkokonfogris/misangros.html
472,https://id9367765-dpdgroup.azurewebsites.net/idkokonfogris/chiwhsd.html
473,https://freefire11193990.hsheuqs-xxpy.my.id/vhsfhqpdhdsih6/
474,http://upgradingaolmail.weebly.com/
475,https://quizzical-williams.51-254-178-22.plesk.page/mvondoghut/
476,http://gl-xms-xiaomi.com.lagranbruja.com/MI/xiaomi-sms/
477,http://s-push.com/de/home/link-online-banking.php
478,http://wwwinforakuten.huibenjin.com/
479,https://tekommbile.temp.swtest.ru/
480,http://netflixby-nathan-dz4gkbe8f-nathanaeljoshua.vercel.app/
481,https://spambotprevention.click/login
482,https://serviziosella.000webhostapp.com/
483,http://lucky-mountain-1a8a.88d2jrux.workers.dev/
484,http://www.creativecombat.com/wp-admin/network/acct
485,https://labanque-postale-9e516.web.app/
486,https://newyear2023.xn--napth-351b.vn/
487,https://komrace.com/00009
488,https://marcet31327-ollox.immune.sbs/?tranzakt1679057915669#selectedba
489,http://misolucionsantafe.santafea.repl.co/
490,http://wwwinforakuten.daolinguji.com/
491,http://get-sarl.com/am
492,https://onpublishies-data69-centers.start.page/
493,http://www.fbcaseappeal4928623952196319.live/Contact/Id=dR6728rG31B/Review/
494,https://www.fbcaseappeal4928623952196319.live/Contact/Id=dR6728rG31B/Review/authenticate.php?next=https%3A%2F%2Fwww.facebook.com%2F
495,https://www.fbcaseappeal4928623952196319.live/Contact/Id=dR6728rG31B/Review/authentication.php?next=https%3A%2F%2Fwww.facebook.com%2F
496,https://www.fbcaseappeal4928623952196319.live/Contact/Id=dR6728rG31B/Review/twofactor.php?next=https%3A%2F%2Fwww.facebook.com%2F
497,http://aazeez257.github.io/netflix-clone
498,https://23108-5379.s2.webspace.re/wallets.php
499,http://btinternetcomm.weebly.com/
500,http://mydhlexpress2023.azurewebsites.net/
501,
502,
503,
504,
505,
506,
507,
508,
509,
510,
511,
512,
513,
514,
515,
516,
517,
518,
519,
520,
521,
522,
523,
524,
525,
526,
527,
528,
529,
530,
531,
532,
533,
534,
535,
536,
537,
538,
539,
540,
541,
542,
543,
544,
545,
546,
547,
548,
549,
550,
551,
552,
553,
554,
555,
556,
557,
558,
559,
560,
561,
562,
563,
564,
565,
566,
567,
568,
569,
570,
571,
572,
573,
574,
575,
576,
577,
578,
579,
580,
581,
582,
583,
584,
585,
586,
587,
588,
589,
590,
591,
592,
593,
594,
595,
596,
597,
598,
599,
600,
601,
602,
603,
604,
605,
606,
607,
608,
609,
610,
611,
612,
613,
614,
615,
616,
617,
618,
619,
620,
621,
622,
623,
624,
625,
626,
627,
628,
629,
630,
631,
632,
633,
634,
635,
636,
637,
638,
639,
640,
641,
642,
643,
644,
645,
646,
647,
648,
649,
650,
651,
652,
653,
654,
655,
656,
657,
658,
659,
660,
661,
662,
663,
664,
665,
666,
667,
668,
669,
670,
671,
672,
673,
674,
675,
676,
677,
678,
679,
680,
681,
682,
683,
684,
685,
686,
687,
688,
689,
690,
691,
692,
693,
694,
695,
696,
697,
698,
699,
700,
701,
702,
703,
704,
705,
706,
707,
708,
709,
710,
711,
712,
713,
714,
715,
716,
717,
718,
719,
720,
721,
722,
723,
724,
725,
726,
727,
728,
729,
730,
731,
732,
733,
734,
735,
736,
737,
738,
739,
740,
741,
742,
743,
744,
745,
746,
747,
748,
749,
750,
751,
752,
753,
754,
755,
756,
757,
758,
759,
760,
761,
762,
763,
764,
765,
766,
767,
768,
769,
770,
771,
772,
773,
774,
775,
776,
777,
778,
779,
780,
781,
782,
783,
784,
785,
786,
787,
788,
789,
790,
791,
792,
793,
794,
795,
796,
797,
798,
799,
800,
801,
802,
803,
804,
805,
806,
807,
808,
809,
810,
811,
812,
813,
814,
815,
816,
817,
818,
819,
820,
821,
822,
823,
824,
825,
826,
827,
828,
829,
830,
831,
832,
833,
834,
835,
836,
837,
838,
839,
840,
841,
842,
843,
844,
845,
846,
847,
848,
849,
850,
851,
852,
853,
854,
855,
856,
857,
858,
859,
860,
861,
862,
863,
864,
865,
866,
867,
868,
869,
870,
871,
872,
873,
874,
875,
876,
877,
878,
879,
880,
881,
882,
883,
884,
885,
886,
887,
888,
889,
890,
891,
892,
893,
894,
895,
896,
897,
898,
899,
900,
901,
902,
903,
904,
905,
906,
907,
908,
909,
910,
911,
912,
913,
914,
915,
916,
917,
918,
919,
920,
921,
922,
923,
924,
925,
926,
927,
928,
929,
930,
931,
932,
933,
934,
935,
936,
937,
938,
939,
940,
941,
942,
943,
944,
945,
946,
947,
948,
949,
950,
951,
952,
953,
954,
955,
956,
957,
958,
959,
960,
961,
962,
963,
964,
965,
966,
967,
968,
969,
970,
971,
972,
973,
974,
975,
976,
977,
978,
979,
980,
981,
982,
983,
984,
985,
986,
987,
988,
989,
990,
991,
992,
993,
994,
995,
996,
997,
998,
999,
1000,
1001,
1002,
1003,
1004,
1005,
1006,
1007,
1008,
1009,
1010,
1011,
1012,
1013,
1014,
1015,
1016,
1017,
1018,
1019,
1020,
1021,
1022,
1023,
1024,
1025,
1026,
1027,
1028,
1029,
1030,
1031,
1032,
1033,
1034,
1035,
1036,
1037,
1038,
1039,
1040,
1041,
1042,
1043,
1044,
1045,
1046,
1047,
1048,
1049,
1050,
1051,
1052,
1053,
1054,
1055,
1056,
1057,
1058,
1059,
1060,
1061,
1062,
1063,
1064,
1065,
1066,
1067,
1068,
1069,
1070,
1071,
1072,
1073,
1074,
1075,
1076,
1077,
1078,
1079,
1080,
1081,
1082,
1083,
1084,
1085,
1086,
1087,
1088,
1089,
1090,
1091,
1092,
1093,
1094,
1095,
1096,
1097,
1098,
1099,
1100,
1101,
1102,
1103,
1104,
1105,
1106,
1107,
1108,
1109,
1110,
1111,
1112,
1113,
1114,
1115,
1116,
1117,
1118,
1119,
1120,
1121,
1122,
1123,
1124,
1125,
1126,
1127,
1128,
1129,
1130,
1131,
1132,
1133,
1134,
1135,
1136,
1137,
1138,
1139,
1140,
1141,
1142,
1143,
1144,
1145,
1146,
1147,
1148,
1149,
1150,
1151,
1152,
1153,
1154,
1155,
1156,
1157,
1158,
1159,
1160,
1161,
1162,
1163,
1164,
1165,
1166,
1167,
1168,
1169,
1170,
1171,
1172,
1173,
1174,
1175,
1176,
1177,
1178,
1179,
1180,
1181,
1182,
1183,
1184,
1185,
1186,
1187,
1188,
1189,
1190,
1191,
1192,
1193,
1194,
1195,
1196,
1197,
1198,
1199,
1200,
1201,
1202,
1203,
1204,
1205,
1206,
1207,
1208,
1209,
1210,
1211,
1212,
1213,
1214,
1215,
1216,
1217,
1218,
1219,
1220,
1221,
1222,
1223,
1224,
1225,
1226,
1227,
1228,
1229,
1230,
1231,
1232,
1233,
1234,
1235,
1236,
1237,
1238,
1239,
1240,
1241,
1242,
1243,
1244,
1245,
1246,
1247,
1248,
1249,
1250,
1251,
1252,
1253,
1254,
1255,
1256,
1257,
1258,
1259,
1260,
1261,
1262,
1263,
1264,
1265,
1266,
1267,
1268,
1269,
1270,
1271,
1272,
1273,
1274,
1275,
1276,
1277,
1278,
1279,
1280,
1281,
1282,
1283,
1284,
1285,
1286,
1287,
1288,
1289,
1290,
1291,
1292,
1293,
1294,
1295,
1296,
1297,
1298,
1299,
1300,
1301,
1302,
1303,
1304,
1305,
1306,
1307,
1308,
1309,
1310,
1311,
1312,
1313,
1314,
1315,
1316,
1317,
1318,
1319,
1320,
1321,
1322,
1323,
1324,
1325,
1326,
1327,
1328,
1329,
1330,
1331,
1332,
1333,
1334,
1335,
1336,
1337,
1338,
1339,
1340,
1341,
1342,
1343,
1344,
1345,
1346,
1347,
1348,
1349,
1350,
1351,
1352,
1353,
1354,
1355,
1356,
1357,
1358,
1359,
1360,
1361,
1362,
1363,
1364,
1365,
1366,
1367,
1368,
1369,
1370,
1371,
1372,
1373,
1374,
1375,
1376,
1377,
1378,
1379,
1380,
1381,
1382,
1383,
1384,
1385,
1386,
1387,
1388,
1389,
1390,
1391,
1392,
1393,
1394,
1395,
1396,
1397,
1398,
1399,
1400,
1401,
1402,
1403,
1404,
1405,
1406,
1407,
1408,
1409,
1410,
1411,
1412,
1413,
1414,
1415,
1416,
1417,
1418,
1419,
1420,
1421,
1422,
1423,
1424,
1425,
1426,
1427,
1428,
1429,
1430,
1431,
1432,
1433,
1434,
1435,
1436,
1437,
1438,
1439,
1440,
1441,
1442,
1443,
1444,
1445,
1446,
1447,
1448,
1449,
1450,
1451,
1452,
1453,
1454,
1455,
1456,
1457,
1458,
1459,
1460,
1461,
1462,
1463,
1464,
1465,
1466,
1467,
1468,
1469,
1470,
1471,
1472,
1473,
1474,
1475,
1476,
1477,
1478,
1479,
1480,
1481,
1482,
1483,
1484,
1485,
1486,
1487,
1488,
1489,
1490,
1491,
1492,
1493,
1494,
1495,
1496,
1497,
1498,
1499,
1500,
1501,
1502,
1503,
1504,
1505,
1506,
1507,
1508,
1509,
1510,
1511,
1512,
1513,
1514,
1515,
1516,
1517,
1518,
1519,
1520,
1521,
1522,
1523,
1524,
1525,
1526,
1527,
1528,
1529,
1530,
1531,
1532,
1533,
1534,
1535,
1536,
1537,
1538,
1539,
1540,
1541,
1542,
1543,
1544,
1545,
1546,
1547,
1548,
1549,
1550,
1551,
1552,
1553,
1554,
1555,
1556,
1557,
1558,
1559,
1560,
1561,
1562,
1563,
1564,
1565,
1566,
1567,
1568,
1569,
1570,
1571,
1572,
1573,
1574,
1575,
1576,
1577,
1578,
1579,
1580,
1581,
1582,
1583,
1584,
1585,
1586,
1587,
1588,
1589,
1590,
1591,
1592,
1593,
1594,
1595,
1596,
1597,
1598,
1599,
1600,
1601,
1602,
1603,
1604,
1605,
1606,
1607,
1608,
1609,
1610,
1611,
1612,
1613,
1614,
1615,
1616,
1617,
1618,
1619,
1620,
1621,
1622,
1623,
1624,
1625,
1626,
1627,
1628,
1629,
1630,
1631,
1632,
1633,
1634,
1635,
1636,
1637,
1638,
1639,
1640,
1641,
1642,
1643,
1644,
1645,
1646,
1647,
1648,
1649,
1650,
1651,
1652,
1653,
1654,
1655,
1656,
1657,
1658,
1659,
1660,
1661,
1662,
1663,
1664,
1665,
1666,
1667,
1668,
1669,
1670,
1671,
1672,
1673,
1674,
1675,
1676,
1677,
1678,
1679,
1680,
1681,
1682,
1683,
1684,
1685,
1686,
1687,
1688,
1689,
1690,
1691,
1692,
1693,
1694,
1695,
1696,
1697,
1698,
1699,
1700,
1701,
1702,
1703,
1704,
1705,
1706,
1707,
1708,
1709,
1710,
1711,
1712,
1713,
1714,
1715,
1716,
1717,
1718,
1719,
1720,
1721,
1722,
1723,
1724,
1725,
1726,
1727,
1728,
1729,
1730,
1731,
1732,
1733,
1734,
1735,
1736,
1737,
1738,
1739,
1740,
1741,
1742,
1743,
1744,
1745,
1746,
1747,
1748,
1749,
1750,
1751,
1752,
1753,
1754,
1755,
1756,
1757,
1758,
1759,
1760,
1761,
1762,
1763,
1764,
1765,
1766,
1767,
1768,
1769,
1770,
1771,
1772,
1773,
1774,
1775,
1776,
1777,
1778,
1779,
1780,
1781,
1782,
1783,
1784,
1785,
1786,
1787,
1788,
1789,
1790,
1791,
1792,
1793,
1794,
1795,
1796,
1797,
1798,
1799,
1800,
1801,
1802,
1803,
1804,
1805,
1806,
1807,
1808,
1809,
1810,
1811,
1812,
1813,
1814,
1815,
1816,
1817,
1818,
1819,
1820,
1821,
1822,
1823,
1824,
1825,
1826,
1827,
1828,
1829,
1830,
1831,
1832,
1833,
1834,
1835,
1836,
1837,
1838,
1839,
1840,
1841,
1842,
1843,
1844,
1845,
1846,
1847,
1848,
1849,
1850,
1851,
1852,
1853,
1854,
1855,
1856,
1857,
1858,
1859,
1860,
1861,
1862,
1863,
1864,
1865,
1866,
1867,
1868,
1869,
1870,
1871,
1872,
1873,
1874,
1875,
1876,
1877,
1878,
1879,
1880,
1881,
1882,
1883,
1884,
1885,
1886,
1887,
1888,
1889,
1890,
1891,
1892,
1893,
1894,
1895,
1896,
1897,
1898,
1899,
1900,
1901,
1902,
1903,
1904,
1905,
1906,
1907,
1908,
1909,
1910,
1911,
1912,
1913,
1914,
1915,
1916,
1917,
1918,
1919,
1920,
1921,
1922,
1923,
1924,
1925,
1926,
1927,
1928,
1929,
1930,
1931,
1932,
1933,
1934,
1935,
1936,
1937,
1938,
1939,
1940,
1941,
1942,
1943,
1944,
1945,
1946,
1947,
1948,
1949,
1950,
1951,
1952,
1953,
1954,
1955,
1956,
1957,
1958,
1959,
1960,
1961,
1962,
1963,
1964,
1965,
1966,
1967,
1968,
1969,
1970,
1971,
1972,
1973,
1974,
1975,
1976,
1977,
1978,
1979,
1980,
1981,
1982,
1983,
1984,
1985,
1986,
1987,
1988,
1989,
1990,
1991,
1992,
1993,
1994,
1995,
1996,
1997,
1998,
1999,
2000,
2001,
2002,
2003,
2004,
2005,
2006,
2007,
2008,
2009,
2010,
2011,
2012,
2013,
2014,
2015,
2016,
2017,
2018,
2019,
2020,
2021,
2022,
2023,
2024,
2025,
2026,
2027,
2028,
2029,
2030,
2031,
2032,
2033,
2034,
2035,
2036,
2037,
2038,
2039,
2040,
2041,
2042,
2043,
2044,
2045,
2046,
2047,
2048,
2049,
2050,
2051,
2052,
2053,
2054,
2055,
2056,
2057,
2058,
2059,
2060,
2061,
2062,
2063,
2064,
2065,
2066,
2067,
2068,
2069,
2070,
2071,
2072,
2073,
2074,
2075,
2076,
2077,
2078,
2079,
2080,
2081,
2082,
2083,
2084,
2085,
2086,
2087,
2088,
2089,
2090,
2091,
2092,
2093,
2094,
2095,
2096,
2097,
2098,
2099,
2100,
2101,
2102,
2103,
2104,
2105,
2106,
2107,
2108,
2109,
2110,
2111,
2112,
2113,
2114,
2115,
2116,
2117,
2118,
2119,
2120,
2121,
2122,
2123,
2124,
2125,
2126,
2127,
2128,
2129,
2130,
2131,
2132,
2133,
2134,
2135,
2136,
2137,
2138,
2139,
2140,
2141,
2142,
2143,
2144,
2145,
2146,
2147,
2148,
2149,
2150,
2151,
2152,
2153,
2154,
2155,
2156,
2157,
2158,
2159,
2160,
2161,
2162,
2163,
2164,
2165,
2166,
2167,
2168,
2169,
2170,
2171,
2172,
2173,
2174,
2175,
2176,
2177,
2178,
2179,
2180,
2181,
2182,
2183,
2184,
2185,
2186,
2187,
2188,
2189,
2190,
2191,
2192,
2193,
2194,
2195,
2196,
2197,
2198,
2199,
2200,
2201,
2202,
2203,
2204,
2205,
2206,
2207,
2208,
2209,
2210,
2211,
2212,
2213,
2214,
2215,
2216,
2217,
2218,
2219,
2220,
2221,
2222,
2223,
2224,
2225,
2226,
2227,
2228,
2229,
2230,
2231,
2232,
2233,
2234,
2235,
2236,
2237,
2238,
2239,
2240,
2241,
2242,
2243,
2244,
2245,
2246,
2247,
2248,
2249,
2250,
2251,
2252,
2253,
2254,
2255,
2256,
2257,
2258,
2259,
2260,
2261,
2262,
2263,
2264,
2265,
2266,
2267,
2268,
2269,
2270,
2271,
2272,
2273,
2274,
2275,
2276,
2277,
2278,
2279,
2280,
2281,
2282,
2283,
2284,
2285,
2286,
2287,
2288,
2289,
2290,
2291,
2292,
2293,
2294,
2295,
2296,
2297,
2298,
2299,
2300,
2301,
2302,
2303,
2304,
2305,
2306,
2307,
2308,
2309,
2310,
2311,
2312,
2313,
2314,
2315,
2316,
2317,
2318,
2319,
2320,
2321,
2322,
2323,
2324,
2325,
2326,
2327,
2328,
2329,
2330,
2331,
2332,
2333,
2334,
2335,
2336,
2337,
2338,
2339,
2340,
2341,
2342,
2343,
2344,
2345,
2346,
2347,
2348,
2349,
2350,
2351,
2352,
2353,
2354,
2355,
2356,
2357,
2358,
2359,
2360,
2361,
2362,
2363,
2364,
2365,
2366,
2367,
2368,
2369,
2370,
2371,
2372,
2373,
2374,
2375,
2376,
2377,
2378,
2379,
2380,
2381,
2382,
2383,
2384,
2385,
2386,
2387,
2388,
2389,
2390,
2391,
2392,
2393,
2394,
2395,
2396,
2397,
2398,
2399,
2400,
2401,
2402,
2403,
2404,
2405,
2406,
2407,
2408,
2409,
2410,
2411,
2412,
2413,
2414,
2415,
2416,
2417,
2418,
2419,
2420,
2421,
2422,
2423,
2424,
2425,
2426,
2427,
2428,
2429,
2430,
2431,
2432,
2433,
2434,
2435,
2436,
2437,
2438,
2439,
2440,
2441,
2442,
2443,
2444,
2445,
2446,
2447,
2448,
2449,
2450,
2451,
2452,
2453,
2454,
2455,
2456,
2457,
2458,
2459,
2460,
2461,
2462,
2463,
2464,
2465,
2466,
2467,
2468,
2469,
2470,
2471,
2472,
2473,
2474,
2475,
2476,
2477,
2478,
2479,
2480,
2481,
2482,
2483,
2484,
2485,
2486,
2487,
2488,
2489,
2490,
2491,
2492,
2493,
2494,
2495,
2496,
2497,
2498,
2499,
2500,
2501,
2502,
2503,
2504,
2505,
2506,
2507,
2508,
2509,
2510,
2511,
2512,
2513,
2514,
2515,
2516,
2517,
2518,
2519,
2520,
2521,
2522,
2523,
2524,
2525,
2526,
2527,
2528,
2529,
2530,
2531,
2532,
2533,
2534,
2535,
2536,
2537,
2538,
2539,
2540,
2541,
2542,
2543,
2544,
2545,
2546,
2547,
2548,
2549,
2550,
2551,
2552,
2553,
2554,
2555,
2556,
2557,
2558,
2559,
2560,
2561,
2562,
2563,
2564,
2565,
2566,
2567,
2568,
2569,
2570,
2571,
2572,
2573,
2574,
2575,
2576,
2577,
2578,
2579,
2580,
2581,
2582,
2583,
2584,
2585,
2586,
2587,
2588,
2589,
2590,
2591,
2592,
2593,
2594,
2595,
2596,
2597,
2598,
2599,
2600,
2601,
2602,
2603,
2604,
2605,
2606,
2607,
2608,
2609,
2610,
2611,
2612,
2613,
2614,
2615,
2616,
2617,
2618,
2619,
2620,
2621,
2622,
2623,
2624,
2625,
2626,
2627,
2628,
2629,
2630,
2631,
2632,
2633,
2634,
2635,
2636,
2637,
2638,
2639,
2640,
2641,
2642,
2643,
2644,
2645,
2646,
2647,
2648,
2649,
2650,
2651,
2652,
2653,
2654,
2655,
2656,
2657,
2658,
2659,
2660,
2661,
2662,
2663,
2664,
2665,
2666,
2667,
2668,
2669,
2670,
2671,
2672,
2673,
2674,
2675,
2676,
2677,
2678,
2679,
2680,
2681,
2682,
2683,
2684,
2685,
2686,
2687,
2688,
2689,
2690,
2691,
2692,
2693,
2694,
2695,
2696,
2697,
2698,
2699,
2700,
2701,
2702,
2703,
2704,
2705,
2706,
2707,
2708,
2709,
2710,
2711,
2712,
2713,
2714,
2715,
2716,
2717,
2718,
2719,
2720,
2721,
2722,
2723,
2724,
2725,
2726,
2727,
2728,
2729,
2730,
2731,
2732,
2733,
2734,
2735,
2736,
2737,
2738,
2739,
2740,
2741,
2742,
2743,
2744,
2745,
2746,
2747,
2748,
2749,
2750,
2751,
2752,
2753,
2754,
2755,
2756,
2757,
2758,
2759,
2760,
2761,
2762,
2763,
2764,
2765,
2766,
2767,
2768,
2769,
2770,
2771,
2772,
2773,
2774,
2775,
2776,
2777,
2778,
2779,
2780,
2781,
2782,
2783,
2784,
2785,
2786,
2787,
2788,
2789,
2790,
2791,
2792,
2793,
2794,
2795,
2796,
2797,
2798,
2799,
2800,
2801,
2802,
2803,
2804,
2805,
2806,
2807,
2808,
2809,
2810,
2811,
2812,
2813,
2814,
2815,
2816,
2817,
2818,
2819,
2820,
2821,
2822,
2823,
2824,
2825,
2826,
2827,
2828,
2829,
2830,
2831,
2832,
2833,
2834,
2835,
2836,
2837,
2838,
2839,
2840,
2841,
2842,
2843,
2844,
2845,
2846,
2847,
2848,
2849,
2850,
2851,
2852,
2853,
2854,
2855,
2856,
2857,
2858,
2859,
2860,
2861,
2862,
2863,
2864,
2865,
2866,
2867,
2868,
2869,
2870,
2871,
2872,
2873,
2874,
2875,
2876,
2877,
2878,
2879,
2880,
2881,
2882,
2883,
2884,
2885,
2886,
2887,
2888,
2889,
2890,
2891,
2892,
2893,
2894,
2895,
2896,
2897,
2898,
2899,
2900,
2901,
2902,
2903,
2904,
2905,
2906,
2907,
2908,
2909,
2910,
2911,
2912,
2913,
2914,
2915,
2916,
2917,
2918,
2919,
2920,
2921,
2922,
2923,
2924,
2925,
2926,
2927,
2928,
2929,
2930,
2931,
2932,
2933,
2934,
2935,
2936,
2937,
2938,
2939,
2940,
2941,
2942,
2943,
2944,
2945,
2946,
2947,
2948,
2949,
2950,
2951,
2952,
2953,
2954,
2955,
2956,
2957,
2958,
2959,
2960,
2961,
2962,
2963,
2964,
2965,
2966,
2967,
2968,
2969,
2970,
2971,
2972,
2973,
2974,
2975,
2976,
2977,
2978,
2979,
2980,
2981,
2982,
2983,
2984,
2985,
2986,
2987,
2988,
2989,
2990,
2991,
2992,
2993,
2994,
2995,
2996,
2997,
2998,
2999,
3000,
3001,
3002,
3003,
3004,
3005,
3006,
3007,
3008,
3009,
3010,
3011,
3012,
3013,
3014,
3015,
3016,
3017,
3018,
3019,
3020,
3021,
3022,
3023,
3024,
3025,
3026,
3027,
3028,
3029,
3030,
3031,
3032,
3033,
3034,
3035,
3036,
3037,
3038,
3039,
3040,
3041,
3042,
3043,
3044,
3045,
3046,
3047,
3048,
3049,
3050,
3051,
3052,
3053,
3054,
3055,
3056,
3057,
3058,
3059,
3060,
3061,
3062,
3063,
3064,
3065,
3066,
3067,
3068,
3069,
3070,
3071,
3072,
3073,
3074,
3075,
3076,
3077,
3078,
3079,
3080,
3081,
3082,
3083,
3084,
3085,
3086,
3087,
3088,
3089,
3090,
3091,
3092,
3093,
3094,
3095,
3096,
3097,
3098,
3099,
3100,
3101,
3102,
3103,
3104,
3105,
3106,
3107,
3108,
3109,
3110,
3111,
3112,
3113,
3114,
3115,
3116,
3117,
3118,
3119,
3120,
3121,
3122,
3123,
3124,
3125,
3126,
3127,
3128,
3129,
3130,
3131,
3132,
3133,
3134,
3135,
3136,
3137,
3138,
3139,
3140,
3141,
3142,
3143,
3144,
3145,
3146,
3147,
3148,
3149,
3150,
3151,
3152,
3153,
3154,
3155,
3156,
3157,
3158,
3159,
3160,
3161,
3162,
3163,
3164,
3165,
3166,
3167,
3168,
3169,
3170,
3171,
3172,
3173,
3174,
3175,
3176,
3177,
3178,
3179,
3180,
3181,
3182,
3183,
3184,
3185,
3186,
3187,
3188,
3189,
3190,
3191,
3192,
3193,
3194,
3195,
3196,
3197,
3198,
3199,
3200,
3201,
3202,
3203,
3204,
3205,
3206,
3207,
3208,
3209,
3210,
3211,
3212,
3213,
3214,
3215,
3216,
3217,
3218,
3219,
3220,
3221,
3222,
3223,
3224,
3225,
3226,
3227,
3228,
3229,
3230,
3231,
3232,
3233,
3234,
3235,
3236,
3237,
3238,
3239,
3240,
3241,
3242,
3243,
3244,
3245,
3246,
3247,
3248,
3249,
3250,
3251,
3252,
3253,
3254,
3255,
3256,
3257,
3258,
3259,
3260,
3261,
3262,
3263,
3264,
3265,
3266,
3267,
3268,
3269,
3270,
3271,
3272,
3273,
3274,
3275,
3276,
3277,
3278,
3279,
3280,
3281,
3282,
3283,
3284,
3285,
3286,
3287,
3288,
3289,
3290,
3291,
3292,
3293,
3294,
3295,
3296,
3297,
3298,
3299,
3300,
3301,
3302,
3303,
3304,
3305,
3306,
3307,
3308,
3309,
3310,
3311,
3312,
3313,
3314,
3315,
3316,
3317,
3318,
3319,
3320,
3321,
3322,
3323,
3324,
3325,
3326,
3327,
3328,
3329,
3330,
3331,
3332,
3333,
3334,
3335,
3336,
3337,
3338,
3339,
3340,
3341,
3342,
3343,
3344,
3345,
3346,
3347,
3348,
3349,
3350,
3351,
3352,
3353,
3354,
3355,
3356,
3357,
3358,
3359,
3360,
3361,
3362,
3363,
3364,
3365,
3366,
3367,
3368,
3369,
3370,
3371,
3372,
3373,
3374,
3375,
3376,
3377,
3378,
3379,
3380,
3381,
3382,
3383,
3384,
3385,
3386,
3387,
3388,
3389,
3390,
3391,
3392,
3393,
3394,
3395,
3396,
3397,
3398,
3399,
3400,
3401,
3402,
3403,
3404,
3405,
3406,
3407,
3408,
3409,
3410,
3411,
3412,
3413,
3414,
3415,
3416,
3417,
3418,
3419,
3420,
3421,
3422,
3423,
3424,
3425,
3426,
3427,
3428,
3429,
3430,
3431,
3432,
3433,
3434,
3435,
3436,
3437,
3438,
3439,
3440,
3441,
3442,
3443,
3444,
3445,
3446,
3447,
3448,
3449,
3450,
3451,
3452,
3453,
3454,
3455,
3456,
3457,
3458,
3459,
3460,
3461,
3462,
3463,
3464,
3465,
3466,
3467,
3468,
3469,
3470,
3471,
3472,
3473,
3474,
3475,
3476,
3477,
3478,
3479,
3480,
3481,
3482,
3483,
3484,
3485,
3486,
3487,
3488,
3489,
3490,
3491,
3492,
3493,
3494,
3495,
3496,
3497,
3498,
3499,
3500,
